Algorithm, Allocation, Processes, MessageSize, Latency
${algorithm},core,2,1,0.21
${algorithm},core,2,2,0.22
${algorithm},core,2,4,0.22
${algorithm},core,2,8,0.22
${algorithm},core,2,16,0.22
${algorithm},core,2,32,0.27
${algorithm},core,2,64,0.25
${algorithm},core,2,128,0.33
${algorithm},core,2,256,0.34
${algorithm},core,2,512,0.37
${algorithm},core,2,1024,0.44
${algorithm},core,2,2048,0.56
${algorithm},core,2,4096,0.85
${algorithm},core,2,8192,1.35
${algorithm},core,2,16384,3.02
${algorithm},core,2,32768,5.13
${algorithm},core,2,65536,6.65
${algorithm},core,2,131072,9.85
${algorithm},core,2,262144,15.66
${algorithm},core,2,524288,29.90
${algorithm},core,2,1048576,64.26
${algorithm},core,3,1,0.40
${algorithm},core,3,2,0.40
${algorithm},core,3,4,0.40
${algorithm},core,3,8,0.40
${algorithm},core,3,16,0.40
${algorithm},core,3,32,0.42
${algorithm},core,3,64,0.43
${algorithm},core,3,128,0.52
${algorithm},core,3,256,0.53
${algorithm},core,3,512,0.60
${algorithm},core,3,1024,0.76
${algorithm},core,3,2048,0.99
${algorithm},core,3,4096,1.44
${algorithm},core,3,8192,2.16
${algorithm},core,3,16384,4.62
${algorithm},core,3,32768,7.73
${algorithm},core,3,65536,11.61
${algorithm},core,3,131072,19.12
${algorithm},core,3,262144,34.25
${algorithm},core,3,524288,64.66
${algorithm},core,3,1048576,130.19
${algorithm},core,4,1,0.22
${algorithm},core,4,2,0.23
${algorithm},core,4,4,0.22
${algorithm},core,4,8,0.22
${algorithm},core,4,16,0.22
${algorithm},core,4,32,0.29
${algorithm},core,4,64,0.28
${algorithm},core,4,128,0.44
${algorithm},core,4,256,0.46
${algorithm},core,4,512,0.52
${algorithm},core,4,1024,0.72
${algorithm},core,4,2048,1.04
${algorithm},core,4,4096,1.65
${algorithm},core,4,8192,2.52
${algorithm},core,4,16384,5.57
${algorithm},core,4,32768,8.78
${algorithm},core,4,65536,14.31
${algorithm},core,4,131072,25.94
${algorithm},core,4,262144,52.59
${algorithm},core,4,524288,106.99
${algorithm},core,4,1048576,216.01
${algorithm},core,5,1,0.27
${algorithm},core,5,2,0.27
${algorithm},core,5,4,0.29
${algorithm},core,5,8,0.27
${algorithm},core,5,16,0.28
${algorithm},core,5,32,0.37
${algorithm},core,5,64,0.35
${algorithm},core,5,128,0.58
${algorithm},core,5,256,0.63
${algorithm},core,5,512,0.64
${algorithm},core,5,1024,0.91
${algorithm},core,5,2048,1.29
${algorithm},core,5,4096,2.02
${algorithm},core,5,8192,3.03
${algorithm},core,5,16384,6.19
${algorithm},core,5,32768,10.47
${algorithm},core,5,65536,19.43
${algorithm},core,5,131072,37.21
${algorithm},core,5,262144,72.50
${algorithm},core,5,524288,144.87
${algorithm},core,5,1048576,293.75
${algorithm},core,6,1,0.37
${algorithm},core,6,2,0.37
${algorithm},core,6,4,0.38
${algorithm},core,6,8,0.37
${algorithm},core,6,16,0.37
${algorithm},core,6,32,0.46
${algorithm},core,6,64,0.46
${algorithm},core,6,128,0.71
${algorithm},core,6,256,0.77
${algorithm},core,6,512,0.77
${algorithm},core,6,1024,1.10
${algorithm},core,6,2048,1.52
${algorithm},core,6,4096,2.29
${algorithm},core,6,8192,3.41
${algorithm},core,6,16384,7.66
${algorithm},core,6,32768,12.42
${algorithm},core,6,65536,22.59
${algorithm},core,6,131072,43.26
${algorithm},core,6,262144,84.44
${algorithm},core,6,524288,163.68
${algorithm},core,6,1048576,330.12
${algorithm},core,7,1,0.45
${algorithm},core,7,2,0.46
${algorithm},core,7,4,0.45
${algorithm},core,7,8,0.45
${algorithm},core,7,16,0.45
${algorithm},core,7,32,0.56
${algorithm},core,7,64,0.54
${algorithm},core,7,128,0.79
${algorithm},core,7,256,0.84
${algorithm},core,7,512,0.88
${algorithm},core,7,1024,1.18
${algorithm},core,7,2048,1.63
${algorithm},core,7,4096,2.49
${algorithm},core,7,8192,3.80
${algorithm},core,7,16384,9.59
${algorithm},core,7,32768,14.91
${algorithm},core,7,65536,23.91
${algorithm},core,7,131072,41.98
${algorithm},core,7,262144,84.80
${algorithm},core,7,524288,167.38
${algorithm},core,7,1048576,324.05
${algorithm},core,8,1,0.57
${algorithm},core,8,2,0.56
${algorithm},core,8,4,0.57
${algorithm},core,8,8,0.56
${algorithm},core,8,16,0.56
${algorithm},core,8,32,0.69
${algorithm},core,8,64,0.70
${algorithm},core,8,128,1.11
${algorithm},core,8,256,1.13
${algorithm},core,8,512,1.18
${algorithm},core,8,1024,1.45
${algorithm},core,8,2048,1.92
${algorithm},core,8,4096,2.85
${algorithm},core,8,8192,4.32
${algorithm},core,8,16384,9.65
${algorithm},core,8,32768,15.49
${algorithm},core,8,65536,27.65
${algorithm},core,8,131072,50.83
${algorithm},core,8,262144,95.01
${algorithm},core,8,524288,185.30
${algorithm},core,8,1048576,353.86
${algorithm},core,9,1,1.00
${algorithm},core,9,2,1.00
${algorithm},core,9,4,0.99
${algorithm},core,9,8,0.99
${algorithm},core,9,16,0.96
${algorithm},core,9,32,1.01
${algorithm},core,9,64,1.01
${algorithm},core,9,128,1.34
${algorithm},core,9,256,1.37
${algorithm},core,9,512,1.52
${algorithm},core,9,1024,1.79
${algorithm},core,9,2048,2.26
${algorithm},core,9,4096,3.23
${algorithm},core,9,8192,4.75
${algorithm},core,9,16384,11.26
${algorithm},core,9,32768,17.85
${algorithm},core,9,65536,31.42
${algorithm},core,9,131072,57.41
${algorithm},core,9,262144,111.57
${algorithm},core,9,524288,213.43
${algorithm},core,9,1048576,420.63
${algorithm},core,10,1,1.00
${algorithm},core,10,2,1.00
${algorithm},core,10,4,0.96
${algorithm},core,10,8,0.98
${algorithm},core,10,16,0.97
${algorithm},core,10,32,1.08
${algorithm},core,10,64,1.02
${algorithm},core,10,128,1.34
${algorithm},core,10,256,1.38
${algorithm},core,10,512,1.45
${algorithm},core,10,1024,1.80
${algorithm},core,10,2048,2.30
${algorithm},core,10,4096,3.34
${algorithm},core,10,8192,5.07
${algorithm},core,10,16384,12.45
${algorithm},core,10,32768,19.42
${algorithm},core,10,65536,33.58
${algorithm},core,10,131072,61.17
${algorithm},core,10,262144,114.21
${algorithm},core,10,524288,225.08
${algorithm},core,10,1048576,439.51
${algorithm},core,11,1,0.93
${algorithm},core,11,2,0.97
${algorithm},core,11,4,1.05
${algorithm},core,11,8,0.95
${algorithm},core,11,16,0.93
${algorithm},core,11,32,1.06
${algorithm},core,11,64,1.03
${algorithm},core,11,128,1.43
${algorithm},core,11,256,1.46
${algorithm},core,11,512,1.53
${algorithm},core,11,1024,1.91
${algorithm},core,11,2048,2.43
${algorithm},core,11,4096,3.55
${algorithm},core,11,8192,5.33
${algorithm},core,11,16384,12.72
${algorithm},core,11,32768,20.12
${algorithm},core,11,65536,34.96
${algorithm},core,11,131072,64.21
${algorithm},core,11,262144,121.72
${algorithm},core,11,524288,238.87
${algorithm},core,11,1048576,469.72
${algorithm},core,12,1,0.95
${algorithm},core,12,2,0.96
${algorithm},core,12,4,0.93
${algorithm},core,12,8,0.93
${algorithm},core,12,16,0.93
${algorithm},core,12,32,1.06
${algorithm},core,12,64,1.05
${algorithm},core,12,128,1.44
${algorithm},core,12,256,1.48
${algorithm},core,12,512,1.56
${algorithm},core,12,1024,1.96
${algorithm},core,12,2048,2.50
${algorithm},core,12,4096,3.64
${algorithm},core,12,8192,5.57
${algorithm},core,12,16384,13.47
${algorithm},core,12,32768,21.16
${algorithm},core,12,65536,36.81
${algorithm},core,12,131072,67.55
${algorithm},core,12,262144,127.68
${algorithm},core,12,524288,253.83
${algorithm},core,12,1048576,503.76
${algorithm},core,13,1,1.00
${algorithm},core,13,2,1.00
${algorithm},core,13,4,1.00
${algorithm},core,13,8,1.00
${algorithm},core,13,16,1.00
${algorithm},core,13,32,1.17
${algorithm},core,13,64,1.10
${algorithm},core,13,128,1.55
${algorithm},core,13,256,1.61
${algorithm},core,13,512,1.67
${algorithm},core,13,1024,2.16
${algorithm},core,13,2048,2.75
${algorithm},core,13,4096,4.07
${algorithm},core,13,8192,6.31
${algorithm},core,13,16384,14.47
${algorithm},core,13,32768,23.09
${algorithm},core,13,65536,40.53
${algorithm},core,13,131072,78.27
${algorithm},core,13,262144,143.07
${algorithm},core,13,524288,280.61
${algorithm},core,13,1048576,581.95
${algorithm},core,14,1,1.00
${algorithm},core,14,2,0.99
${algorithm},core,14,4,0.99
${algorithm},core,14,8,0.95
${algorithm},core,14,16,0.95
${algorithm},core,14,32,1.12
${algorithm},core,14,64,1.09
${algorithm},core,14,128,1.51
${algorithm},core,14,256,1.56
${algorithm},core,14,512,1.65
${algorithm},core,14,1024,2.12
${algorithm},core,14,2048,2.77
${algorithm},core,14,4096,4.07
${algorithm},core,14,8192,6.38
${algorithm},core,14,16384,15.63
${algorithm},core,14,32768,24.63
${algorithm},core,14,65536,42.86
${algorithm},core,14,131072,79.09
${algorithm},core,14,262144,149.31
${algorithm},core,14,524288,280.41
${algorithm},core,14,1048576,518.53
${algorithm},core,15,1,1.15
${algorithm},core,15,2,1.12
${algorithm},core,15,4,1.09
${algorithm},core,15,8,1.06
${algorithm},core,15,16,1.01
${algorithm},core,15,32,1.18
${algorithm},core,15,64,1.11
${algorithm},core,15,128,1.60
${algorithm},core,15,256,1.66
${algorithm},core,15,512,1.74
${algorithm},core,15,1024,2.28
${algorithm},core,15,2048,2.95
${algorithm},core,15,4096,4.33
${algorithm},core,15,8192,6.79
${algorithm},core,15,16384,17.50
${algorithm},core,15,32768,27.96
${algorithm},core,15,65536,49.26
${algorithm},core,15,131072,91.28
${algorithm},core,15,262144,171.30
${algorithm},core,15,524288,346.55
${algorithm},core,15,1048576,615.54
${algorithm},core,16,1,1.48
${algorithm},core,16,2,1.48
${algorithm},core,16,4,1.45
${algorithm},core,16,8,1.39
${algorithm},core,16,16,1.33
${algorithm},core,16,32,1.48
${algorithm},core,16,64,1.57
${algorithm},core,16,128,2.10
${algorithm},core,16,256,2.19
${algorithm},core,16,512,2.36
${algorithm},core,16,1024,2.85
${algorithm},core,16,2048,3.57
${algorithm},core,16,4096,5.10
${algorithm},core,16,8192,7.71
${algorithm},core,16,16384,19.38
${algorithm},core,16,32768,30.76
${algorithm},core,16,65536,54.65
${algorithm},core,16,131072,101.28
${algorithm},core,16,262144,201.15
${algorithm},core,16,524288,397.25
${algorithm},core,16,1048576,749.00
${algorithm},core,17,1,2.60
${algorithm},core,17,2,2.64
${algorithm},core,17,4,2.60
${algorithm},core,17,8,2.51
${algorithm},core,17,16,2.43
${algorithm},core,17,32,2.53
${algorithm},core,17,64,2.47
${algorithm},core,17,128,3.05
${algorithm},core,17,256,3.11
${algorithm},core,17,512,3.18
${algorithm},core,17,1024,3.66
${algorithm},core,17,2048,4.44
${algorithm},core,17,4096,5.97
${algorithm},core,17,8192,8.70
${algorithm},core,17,16384,21.58
${algorithm},core,17,32768,33.23
${algorithm},core,17,65536,62.90
${algorithm},core,17,131072,107.98
${algorithm},core,17,262144,206.12
${algorithm},core,17,524288,409.79
${algorithm},core,17,1048576,756.39
${algorithm},core,18,1,2.54
${algorithm},core,18,2,2.58
${algorithm},core,18,4,2.56
${algorithm},core,18,8,2.47
${algorithm},core,18,16,2.39
${algorithm},core,18,32,2.61
${algorithm},core,18,64,2.56
${algorithm},core,18,128,3.13
${algorithm},core,18,256,3.20
${algorithm},core,18,512,3.37
${algorithm},core,18,1024,3.88
${algorithm},core,18,2048,4.72
${algorithm},core,18,4096,6.29
${algorithm},core,18,8192,9.20
${algorithm},core,18,16384,22.17
${algorithm},core,18,32768,34.59
${algorithm},core,18,65536,63.86
${algorithm},core,18,131072,101.49
${algorithm},core,18,262144,201.10
${algorithm},core,18,524288,398.83
${algorithm},core,18,1048576,704.70
${algorithm},core,19,1,2.55
${algorithm},core,19,2,2.57
${algorithm},core,19,4,2.56
${algorithm},core,19,8,2.52
${algorithm},core,19,16,2.41
${algorithm},core,19,32,2.64
${algorithm},core,19,64,2.57
${algorithm},core,19,128,3.10
${algorithm},core,19,256,3.20
${algorithm},core,19,512,3.37
${algorithm},core,19,1024,3.93
${algorithm},core,19,2048,4.76
${algorithm},core,19,4096,6.41
${algorithm},core,19,8192,9.50
${algorithm},core,19,16384,23.01
${algorithm},core,19,32768,35.47
${algorithm},core,19,65536,64.24
${algorithm},core,19,131072,111.38
${algorithm},core,19,262144,216.01
${algorithm},core,19,524288,427.86
${algorithm},core,19,1048576,785.08
${algorithm},core,20,1,2.83
${algorithm},core,20,2,2.83
${algorithm},core,20,4,2.72
${algorithm},core,20,8,2.58
${algorithm},core,20,16,2.46
${algorithm},core,20,32,2.69
${algorithm},core,20,64,2.64
${algorithm},core,20,128,3.35
${algorithm},core,20,256,3.44
${algorithm},core,20,512,3.58
${algorithm},core,20,1024,4.13
${algorithm},core,20,2048,5.00
${algorithm},core,20,4096,6.79
${algorithm},core,20,8192,10.08
${algorithm},core,20,16384,23.39
${algorithm},core,20,32768,36.72
${algorithm},core,20,65536,64.11
${algorithm},core,20,131072,115.75
${algorithm},core,20,262144,225.15
${algorithm},core,20,524288,437.98
${algorithm},core,20,1048576,814.22
${algorithm},core,21,1,2.41
${algorithm},core,21,2,2.33
${algorithm},core,21,4,2.33
${algorithm},core,21,8,2.34
${algorithm},core,21,16,2.32
${algorithm},core,21,32,2.56
${algorithm},core,21,64,2.51
${algorithm},core,21,128,3.24
${algorithm},core,21,256,3.27
${algorithm},core,21,512,3.43
${algorithm},core,21,1024,4.03
${algorithm},core,21,2048,4.90
${algorithm},core,21,4096,6.65
${algorithm},core,21,8192,9.91
${algorithm},core,21,16384,24.35
${algorithm},core,21,32768,37.32
${algorithm},core,21,65536,64.40
${algorithm},core,21,131072,116.57
${algorithm},core,21,262144,226.79
${algorithm},core,21,524288,442.78
${algorithm},core,21,1048576,815.93
${algorithm},core,22,1,2.32
${algorithm},core,22,2,2.36
${algorithm},core,22,4,2.33
${algorithm},core,22,8,2.32
${algorithm},core,22,16,2.33
${algorithm},core,22,32,2.64
${algorithm},core,22,64,2.61
${algorithm},core,22,128,3.34
${algorithm},core,22,256,3.48
${algorithm},core,22,512,3.65
${algorithm},core,22,1024,4.41
${algorithm},core,22,2048,5.37
${algorithm},core,22,4096,7.30
${algorithm},core,22,8192,10.89
${algorithm},core,22,16384,24.24
${algorithm},core,22,32768,36.86
${algorithm},core,22,65536,64.99
${algorithm},core,22,131072,118.16
${algorithm},core,22,262144,230.83
${algorithm},core,22,524288,445.34
${algorithm},core,22,1048576,835.49
${algorithm},core,23,1,2.60
${algorithm},core,23,2,2.65
${algorithm},core,23,4,2.55
${algorithm},core,23,8,2.43
${algorithm},core,23,16,2.31
${algorithm},core,23,32,2.64
${algorithm},core,23,64,2.58
${algorithm},core,23,128,3.38
${algorithm},core,23,256,3.48
${algorithm},core,23,512,3.69
${algorithm},core,23,1024,4.40
${algorithm},core,23,2048,5.41
${algorithm},core,23,4096,7.32
${algorithm},core,23,8192,11.09
${algorithm},core,23,16384,25.37
${algorithm},core,23,32768,39.01
${algorithm},core,23,65536,66.29
${algorithm},core,23,131072,125.25
${algorithm},core,23,262144,246.92
${algorithm},core,23,524288,471.31
${algorithm},core,23,1048576,854.51
${algorithm},core,24,1,2.81
${algorithm},core,24,2,2.41
${algorithm},core,24,4,2.36
${algorithm},core,24,8,2.33
${algorithm},core,24,16,2.33
${algorithm},core,24,32,2.68
${algorithm},core,24,64,2.64
${algorithm},core,24,128,3.49
${algorithm},core,24,256,3.60
${algorithm},core,24,512,3.83
${algorithm},core,24,1024,4.64
${algorithm},core,24,2048,5.68
${algorithm},core,24,4096,7.79
${algorithm},core,24,8192,11.59
${algorithm},core,24,16384,26.30
${algorithm},core,24,32768,41.14
${algorithm},core,24,65536,67.46
${algorithm},core,24,131072,128.89
${algorithm},core,24,262144,251.62
${algorithm},core,24,524288,467.40
${algorithm},core,24,1048576,871.92
${algorithm},core,25,1,2.23
${algorithm},core,25,2,2.21
${algorithm},core,25,4,2.18
${algorithm},core,25,8,2.15
${algorithm},core,25,16,2.23
${algorithm},core,25,32,2.58
${algorithm},core,25,64,2.62
${algorithm},core,25,128,3.30
${algorithm},core,25,256,3.42
${algorithm},core,25,512,3.64
${algorithm},core,25,1024,4.43
${algorithm},core,25,2048,5.48
${algorithm},core,25,4096,7.63
${algorithm},core,25,8192,11.57
${algorithm},core,25,16384,27.68
${algorithm},core,25,32768,40.41
${algorithm},core,25,65536,67.95
${algorithm},core,25,131072,126.09
${algorithm},core,25,262144,245.51
${algorithm},core,25,524288,483.38
${algorithm},core,25,1048576,924.61
${algorithm},core,26,1,2.20
${algorithm},core,26,2,2.20
${algorithm},core,26,4,2.11
${algorithm},core,26,8,2.12
${algorithm},core,26,16,2.13
${algorithm},core,26,32,2.55
${algorithm},core,26,64,2.58
${algorithm},core,26,128,3.26
${algorithm},core,26,256,3.44
${algorithm},core,26,512,3.60
${algorithm},core,26,1024,4.28
${algorithm},core,26,2048,5.49
${algorithm},core,26,4096,7.71
${algorithm},core,26,8192,11.65
${algorithm},core,26,16384,29.76
${algorithm},core,26,32768,42.37
${algorithm},core,26,65536,68.98
${algorithm},core,26,131072,126.65
${algorithm},core,26,262144,246.94
${algorithm},core,26,524288,502.06
${algorithm},core,26,1048576,954.05
${algorithm},core,27,1,2.15
${algorithm},core,27,2,2.14
${algorithm},core,27,4,2.14
${algorithm},core,27,8,2.12
${algorithm},core,27,16,2.12
${algorithm},core,27,32,2.56
${algorithm},core,27,64,2.61
${algorithm},core,27,128,3.28
${algorithm},core,27,256,3.46
${algorithm},core,27,512,3.67
${algorithm},core,27,1024,4.42
${algorithm},core,27,2048,5.61
${algorithm},core,27,4096,7.91
${algorithm},core,27,8192,12.18
${algorithm},core,27,16384,29.35
${algorithm},core,27,32768,42.52
${algorithm},core,27,65536,71.38
${algorithm},core,27,131072,131.67
${algorithm},core,27,262144,259.66
${algorithm},core,27,524288,512.32
${algorithm},core,27,1048576,932.91
${algorithm},core,28,1,2.12
${algorithm},core,28,2,2.10
${algorithm},core,28,4,2.09
${algorithm},core,28,8,2.07
${algorithm},core,28,16,2.06
${algorithm},core,28,32,2.74
${algorithm},core,28,64,2.54
${algorithm},core,28,128,3.26
${algorithm},core,28,256,3.44
${algorithm},core,28,512,3.71
${algorithm},core,28,1024,4.53
${algorithm},core,28,2048,5.78
${algorithm},core,28,4096,8.24
${algorithm},core,28,8192,14.04
${algorithm},core,28,16384,28.76
${algorithm},core,28,32768,44.02
${algorithm},core,28,65536,72.58
${algorithm},core,28,131072,133.31
${algorithm},core,28,262144,261.88
${algorithm},core,28,524288,520.97
${algorithm},core,28,1048576,942.46
${algorithm},core,29,1,2.08
${algorithm},core,29,2,2.06
${algorithm},core,29,4,2.05
${algorithm},core,29,8,2.05
${algorithm},core,29,16,2.06
${algorithm},core,29,32,2.53
${algorithm},core,29,64,2.71
${algorithm},core,29,128,3.43
${algorithm},core,29,256,3.60
${algorithm},core,29,512,3.87
${algorithm},core,29,1024,4.74
${algorithm},core,29,2048,6.04
${algorithm},core,29,4096,8.50
${algorithm},core,29,8192,16.55
${algorithm},core,29,16384,29.77
${algorithm},core,29,32768,43.82
${algorithm},core,29,65536,72.66
${algorithm},core,29,131072,137.25
${algorithm},core,29,262144,262.58
${algorithm},core,29,524288,521.38
${algorithm},core,29,1048576,1003.75
${algorithm},core,30,1,2.15
${algorithm},core,30,2,2.14
${algorithm},core,30,4,2.11
${algorithm},core,30,8,2.14
${algorithm},core,30,16,2.14
${algorithm},core,30,32,2.55
${algorithm},core,30,64,2.78
${algorithm},core,30,128,3.56
${algorithm},core,30,256,3.61
${algorithm},core,30,512,3.85
${algorithm},core,30,1024,4.72
${algorithm},core,30,2048,6.02
${algorithm},core,30,4096,8.56
${algorithm},core,30,8192,13.13
${algorithm},core,30,16384,31.73
${algorithm},core,30,32768,44.31
${algorithm},core,30,65536,74.26
${algorithm},core,30,131072,135.55
${algorithm},core,30,262144,255.44
${algorithm},core,30,524288,503.92
${algorithm},core,30,1048576,985.56
${algorithm},core,31,1,2.22
${algorithm},core,31,2,2.15
${algorithm},core,31,4,2.17
${algorithm},core,31,8,2.14
${algorithm},core,31,16,3.32
${algorithm},core,31,32,2.56
${algorithm},core,31,64,2.69
${algorithm},core,31,128,3.29
${algorithm},core,31,256,3.48
${algorithm},core,31,512,3.69
${algorithm},core,31,1024,4.54
${algorithm},core,31,2048,5.95
${algorithm},core,31,4096,8.53
${algorithm},core,31,8192,13.35
${algorithm},core,31,16384,32.19
${algorithm},core,31,32768,42.39
${algorithm},core,31,65536,70.20
${algorithm},core,31,131072,124.35
${algorithm},core,31,262144,235.70
${algorithm},core,31,524288,463.28
${algorithm},core,31,1048576,899.50
${algorithm},core,32,1,2.59
${algorithm},core,32,2,2.59
${algorithm},core,32,4,2.53
${algorithm},core,32,8,2.49
${algorithm},core,32,16,2.51
${algorithm},core,32,32,2.80
${algorithm},core,32,64,2.99
${algorithm},core,32,128,3.87
${algorithm},core,32,256,4.15
${algorithm},core,32,512,4.39
${algorithm},core,32,1024,5.16
${algorithm},core,32,2048,6.67
${algorithm},core,32,4096,9.33
${algorithm},core,32,8192,13.95
${algorithm},core,32,16384,35.28
${algorithm},core,32,32768,43.59
${algorithm},core,32,65536,72.04
${algorithm},core,32,131072,130.20
${algorithm},core,32,262144,244.06
${algorithm},core,32,524288,482.18
${algorithm},core,32,1048576,921.82
${algorithm},core,33,1,4.52
${algorithm},core,33,2,4.46
${algorithm},core,33,4,4.42
${algorithm},core,33,8,4.41
${algorithm},core,33,16,4.41
${algorithm},core,33,32,4.74
${algorithm},core,33,64,4.98
${algorithm},core,33,128,5.81
${algorithm},core,33,256,5.98
${algorithm},core,33,512,6.25
${algorithm},core,33,1024,6.97
${algorithm},core,33,2048,8.42
${algorithm},core,33,4096,11.13
${algorithm},core,33,8192,20.21
${algorithm},core,33,16384,32.68
${algorithm},core,33,32768,46.93
${algorithm},core,33,65536,76.26
${algorithm},core,33,131072,134.43
${algorithm},core,33,262144,249.63
${algorithm},core,33,524288,485.22
${algorithm},core,33,1048576,930.78
${algorithm},core,34,1,4.57
${algorithm},core,34,2,4.72
${algorithm},core,34,4,4.56
${algorithm},core,34,8,4.55
${algorithm},core,34,16,4.57
${algorithm},core,34,32,4.95
${algorithm},core,34,64,5.02
${algorithm},core,34,128,5.93
${algorithm},core,34,256,6.14
${algorithm},core,34,512,6.42
${algorithm},core,34,1024,7.21
${algorithm},core,34,2048,8.68
${algorithm},core,34,4096,12.01
${algorithm},core,34,8192,20.20
${algorithm},core,34,16384,32.79
${algorithm},core,34,32768,47.98
${algorithm},core,34,65536,78.05
${algorithm},core,34,131072,137.38
${algorithm},core,34,262144,264.77
${algorithm},core,34,524288,504.46
${algorithm},core,34,1048576,932.64
${algorithm},core,35,1,4.42
${algorithm},core,35,2,4.41
${algorithm},core,35,4,4.46
${algorithm},core,35,8,4.41
${algorithm},core,35,16,4.41
${algorithm},core,35,32,4.73
${algorithm},core,35,64,4.87
${algorithm},core,35,128,5.82
${algorithm},core,35,256,6.05
${algorithm},core,35,512,6.30
${algorithm},core,35,1024,7.15
${algorithm},core,35,2048,8.69
${algorithm},core,35,4096,11.52
${algorithm},core,35,8192,17.24
${algorithm},core,35,16384,33.46
${algorithm},core,35,32768,48.69
${algorithm},core,35,65536,78.39
${algorithm},core,35,131072,138.68
${algorithm},core,35,262144,262.89
${algorithm},core,35,524288,516.95
${algorithm},core,35,1048576,996.32
${algorithm},core,36,1,4.54
${algorithm},core,36,2,4.61
${algorithm},core,36,4,4.57
${algorithm},core,36,8,4.54
${algorithm},core,36,16,4.53
${algorithm},core,36,32,4.90
${algorithm},core,36,64,4.99
${algorithm},core,36,128,6.08
${algorithm},core,36,256,6.29
${algorithm},core,36,512,6.62
${algorithm},core,36,1024,7.50
${algorithm},core,36,2048,9.11
${algorithm},core,36,4096,12.09
${algorithm},core,36,8192,21.93
${algorithm},core,36,16384,34.25
${algorithm},core,36,32768,49.63
${algorithm},core,36,65536,79.95
${algorithm},core,36,131072,141.80
${algorithm},core,36,262144,266.44
${algorithm},core,36,524288,507.33
${algorithm},core,36,1048576,970.01
${algorithm},core,37,1,4.45
${algorithm},core,37,2,4.46
${algorithm},core,37,4,4.47
${algorithm},core,37,8,4.50
${algorithm},core,37,16,4.44
${algorithm},core,37,32,4.64
${algorithm},core,37,64,4.78
${algorithm},core,37,128,5.76
${algorithm},core,37,256,6.04
${algorithm},core,37,512,6.30
${algorithm},core,37,1024,7.14
${algorithm},core,37,2048,8.60
${algorithm},core,37,4096,11.30
${algorithm},core,37,8192,20.44
${algorithm},core,37,16384,34.74
${algorithm},core,37,32768,50.78
${algorithm},core,37,65536,82.30
${algorithm},core,37,131072,145.80
${algorithm},core,37,262144,262.32
${algorithm},core,37,524288,544.27
${algorithm},core,37,1048576,989.22
${algorithm},core,38,1,4.29
${algorithm},core,38,2,4.33
${algorithm},core,38,4,4.31
${algorithm},core,38,8,4.30
${algorithm},core,38,16,4.31
${algorithm},core,38,32,4.58
${algorithm},core,38,64,4.72
${algorithm},core,38,128,5.67
${algorithm},core,38,256,5.91
${algorithm},core,38,512,6.19
${algorithm},core,38,1024,7.08
${algorithm},core,38,2048,8.90
${algorithm},core,38,4096,12.42
${algorithm},core,38,8192,17.48
${algorithm},core,38,16384,35.66
${algorithm},core,38,32768,52.08
${algorithm},core,38,65536,83.45
${algorithm},core,38,131072,145.65
${algorithm},core,38,262144,272.18
${algorithm},core,38,524288,537.37
${algorithm},core,38,1048576,1042.61
${algorithm},core,39,1,4.11
${algorithm},core,39,2,4.17
${algorithm},core,39,4,4.15
${algorithm},core,39,8,4.15
${algorithm},core,39,16,4.30
${algorithm},core,39,32,4.43
${algorithm},core,39,64,4.67
${algorithm},core,39,128,5.66
${algorithm},core,39,256,5.76
${algorithm},core,39,512,6.10
${algorithm},core,39,1024,8.54
${algorithm},core,39,2048,8.73
${algorithm},core,39,4096,16.60
${algorithm},core,39,8192,18.06
${algorithm},core,39,16384,36.17
${algorithm},core,39,32768,52.99
${algorithm},core,39,65536,85.24
${algorithm},core,39,131072,148.87
${algorithm},core,39,262144,280.04
${algorithm},core,39,524288,545.95
${algorithm},core,39,1048576,1048.77
${algorithm},core,40,1,4.41
${algorithm},core,40,2,4.36
${algorithm},core,40,4,4.33
${algorithm},core,40,8,4.34
${algorithm},core,40,16,4.33
${algorithm},core,40,32,4.66
${algorithm},core,40,64,4.92
${algorithm},core,40,128,5.87
${algorithm},core,40,256,6.14
${algorithm},core,40,512,6.39
${algorithm},core,40,1024,7.46
${algorithm},core,40,2048,9.28
${algorithm},core,40,4096,12.55
${algorithm},core,40,8192,20.62
${algorithm},core,40,16384,36.90
${algorithm},core,40,32768,55.11
${algorithm},core,40,65536,86.82
${algorithm},core,40,131072,153.47
${algorithm},core,40,262144,284.30
${algorithm},core,40,524288,559.90
${algorithm},core,40,1048576,1082.22
${algorithm},core,41,1,4.26
${algorithm},core,41,2,4.22
${algorithm},core,41,4,4.30
${algorithm},core,41,8,4.21
${algorithm},core,41,16,4.21
${algorithm},core,41,32,4.49
${algorithm},core,41,64,4.74
${algorithm},core,41,128,5.61
${algorithm},core,41,256,5.92
${algorithm},core,41,512,6.12
${algorithm},core,41,1024,7.27
${algorithm},core,41,2048,8.81
${algorithm},core,41,4096,11.97
${algorithm},core,41,8192,24.21
${algorithm},core,41,16384,37.21
${algorithm},core,41,32768,54.72
${algorithm},core,41,65536,87.86
${algorithm},core,41,131072,153.34
${algorithm},core,41,262144,287.52
${algorithm},core,41,524288,569.99
${algorithm},core,41,1048576,1077.98
${algorithm},core,42,1,4.27
${algorithm},core,42,2,4.17
${algorithm},core,42,4,4.18
${algorithm},core,42,8,4.18
${algorithm},core,42,16,4.19
${algorithm},core,42,32,4.58
${algorithm},core,42,64,4.78
${algorithm},core,42,128,6.21
${algorithm},core,42,256,6.44
${algorithm},core,42,512,6.66
${algorithm},core,42,1024,7.76
${algorithm},core,42,2048,9.53
${algorithm},core,42,4096,13.92
${algorithm},core,42,8192,19.80
${algorithm},core,42,16384,36.69
${algorithm},core,42,32768,53.68
${algorithm},core,42,65536,86.66
${algorithm},core,42,131072,151.82
${algorithm},core,42,262144,286.88
${algorithm},core,42,524288,551.39
${algorithm},core,42,1048576,1112.75
${algorithm},core,43,1,3.70
${algorithm},core,43,2,3.68
${algorithm},core,43,4,3.79
${algorithm},core,43,8,3.66
${algorithm},core,43,16,3.70
${algorithm},core,43,32,4.17
${algorithm},core,43,64,4.41
${algorithm},core,43,128,5.46
${algorithm},core,43,256,5.71
${algorithm},core,43,512,6.06
${algorithm},core,43,1024,7.16
${algorithm},core,43,2048,9.12
${algorithm},core,43,4096,14.76
${algorithm},core,43,8192,20.62
${algorithm},core,43,16384,37.86
${algorithm},core,43,32768,54.67
${algorithm},core,43,65536,87.60
${algorithm},core,43,131072,148.93
${algorithm},core,43,262144,277.36
${algorithm},core,43,524288,544.75
${algorithm},core,43,1048576,1082.06
${algorithm},core,44,1,3.62
${algorithm},core,44,2,3.60
${algorithm},core,44,4,3.61
${algorithm},core,44,8,3.58
${algorithm},core,44,16,3.57
${algorithm},core,44,32,4.24
${algorithm},core,44,64,4.43
${algorithm},core,44,128,5.57
${algorithm},core,44,256,5.86
${algorithm},core,44,512,6.30
${algorithm},core,44,1024,7.38
${algorithm},core,44,2048,9.55
${algorithm},core,44,4096,12.97
${algorithm},core,44,8192,21.74
${algorithm},core,44,16384,38.28
${algorithm},core,44,32768,56.05
${algorithm},core,44,65536,89.07
${algorithm},core,44,131072,156.30
${algorithm},core,44,262144,292.53
${algorithm},core,44,524288,560.05
${algorithm},core,44,1048576,1106.93
${algorithm},core,45,1,3.75
${algorithm},core,45,2,3.86
${algorithm},core,45,4,3.80
${algorithm},core,45,8,3.77
${algorithm},core,45,16,3.76
${algorithm},core,45,32,4.22
${algorithm},core,45,64,4.33
${algorithm},core,45,128,5.53
${algorithm},core,45,256,5.85
${algorithm},core,45,512,6.22
${algorithm},core,45,1024,7.44
${algorithm},core,45,2048,9.33
${algorithm},core,45,4096,18.84
${algorithm},core,45,8192,21.60
${algorithm},core,45,16384,38.49
${algorithm},core,45,32768,55.90
${algorithm},core,45,65536,89.26
${algorithm},core,45,131072,156.21
${algorithm},core,45,262144,296.16
${algorithm},core,45,524288,564.14
${algorithm},core,45,1048576,1114.87
${algorithm},core,46,1,3.80
${algorithm},core,46,2,3.82
${algorithm},core,46,4,3.80
${algorithm},core,46,8,3.90
${algorithm},core,46,16,3.78
${algorithm},core,46,32,4.22
${algorithm},core,46,64,4.34
${algorithm},core,46,128,5.36
${algorithm},core,46,256,5.80
${algorithm},core,46,512,6.27
${algorithm},core,46,1024,7.11
${algorithm},core,46,2048,9.13
${algorithm},core,46,4096,13.08
${algorithm},core,46,8192,24.30
${algorithm},core,46,16384,38.76
${algorithm},core,46,32768,54.95
${algorithm},core,46,65536,85.21
${algorithm},core,46,131072,142.59
${algorithm},core,46,262144,265.71
${algorithm},core,46,524288,525.38
${algorithm},core,46,1048576,1048.93
${algorithm},core,47,1,4.10
${algorithm},core,47,2,4.12
${algorithm},core,47,4,4.07
${algorithm},core,47,8,4.08
${algorithm},core,47,16,4.18
${algorithm},core,47,32,4.45
${algorithm},core,47,64,4.77
${algorithm},core,47,128,5.72
${algorithm},core,47,256,6.01
${algorithm},core,47,512,6.33
${algorithm},core,47,1024,7.41
${algorithm},core,47,2048,9.65
${algorithm},core,47,4096,14.70
${algorithm},core,47,8192,20.40
${algorithm},core,47,16384,38.78
${algorithm},core,47,32768,54.71
${algorithm},core,47,65536,84.05
${algorithm},core,47,131072,143.54
${algorithm},core,47,262144,268.93
${algorithm},core,47,524288,523.75
${algorithm},core,47,1048576,1044.78
${algorithm},core,48,1,4.15
${algorithm},core,48,2,4.13
${algorithm},core,48,4,4.17
${algorithm},core,48,8,4.13
${algorithm},core,48,16,4.12
${algorithm},core,48,32,4.49
${algorithm},core,48,64,4.84
${algorithm},core,48,128,5.68
${algorithm},core,48,256,5.98
${algorithm},core,48,512,6.40
${algorithm},core,48,1024,7.45
${algorithm},core,48,2048,9.66
${algorithm},core,48,4096,17.38
${algorithm},core,48,8192,21.14
${algorithm},core,48,16384,39.32
${algorithm},core,48,32768,56.81
${algorithm},core,48,65536,86.40
${algorithm},core,48,131072,147.15
${algorithm},core,48,262144,274.42
${algorithm},core,48,524288,539.15
${algorithm},core,48,1048576,1072.06
${algorithm},socket,2,1,0.43
${algorithm},socket,2,2,0.44
${algorithm},socket,2,4,0.43
${algorithm},socket,2,8,0.44
${algorithm},socket,2,16,0.44
${algorithm},socket,2,32,0.63
${algorithm},socket,2,64,0.61
${algorithm},socket,2,128,0.88
${algorithm},socket,2,256,0.93
${algorithm},socket,2,512,0.99
${algorithm},socket,2,1024,1.17
${algorithm},socket,2,2048,1.48
${algorithm},socket,2,4096,2.13
${algorithm},socket,2,8192,3.33
${algorithm},socket,2,16384,3.64
${algorithm},socket,2,32768,5.88
${algorithm},socket,2,65536,7.21
${algorithm},socket,2,131072,10.58
${algorithm},socket,2,262144,16.40
${algorithm},socket,2,524288,30.65
${algorithm},socket,2,1048576,65.77
${algorithm},socket,3,1,0.72
${algorithm},socket,3,2,0.72
${algorithm},socket,3,4,0.70
${algorithm},socket,3,8,0.68
${algorithm},socket,3,16,0.67
${algorithm},socket,3,32,0.78
${algorithm},socket,3,64,0.77
${algorithm},socket,3,128,1.17
${algorithm},socket,3,256,1.17
${algorithm},socket,3,512,1.31
${algorithm},socket,3,1024,1.62
${algorithm},socket,3,2048,2.12
${algorithm},socket,3,4096,2.96
${algorithm},socket,3,8192,4.57
${algorithm},socket,3,16384,6.45
${algorithm},socket,3,32768,11.17
${algorithm},socket,3,65536,15.33
${algorithm},socket,3,131072,25.24
${algorithm},socket,3,262144,42.26
${algorithm},socket,3,524288,72.51
${algorithm},socket,3,1048576,156.37
${algorithm},socket,4,1,0.37
${algorithm},socket,4,2,0.39
${algorithm},socket,4,4,0.40
${algorithm},socket,4,8,0.37
${algorithm},socket,4,16,0.37
${algorithm},socket,4,32,0.64
${algorithm},socket,4,64,0.58
${algorithm},socket,4,128,1.13
${algorithm},socket,4,256,1.18
${algorithm},socket,4,512,1.34
${algorithm},socket,4,1024,1.64
${algorithm},socket,4,2048,2.45
${algorithm},socket,4,4096,3.65
${algorithm},socket,4,8192,5.84
${algorithm},socket,4,16384,8.48
${algorithm},socket,4,32768,13.21
${algorithm},socket,4,65536,21.46
${algorithm},socket,4,131072,39.00
${algorithm},socket,4,262144,63.32
${algorithm},socket,4,524288,121.20
${algorithm},socket,4,1048576,248.09
${algorithm},socket,5,1,0.67
${algorithm},socket,5,2,0.67
${algorithm},socket,5,4,0.67
${algorithm},socket,5,8,0.67
${algorithm},socket,5,16,0.67
${algorithm},socket,5,32,0.84
${algorithm},socket,5,64,0.81
${algorithm},socket,5,128,1.53
${algorithm},socket,5,256,1.51
${algorithm},socket,5,512,1.67
${algorithm},socket,5,1024,2.03
${algorithm},socket,5,2048,2.96
${algorithm},socket,5,4096,4.30
${algorithm},socket,5,8192,6.65
${algorithm},socket,5,16384,9.81
${algorithm},socket,5,32768,16.15
${algorithm},socket,5,65536,30.25
${algorithm},socket,5,131072,60.42
${algorithm},socket,5,262144,121.68
${algorithm},socket,5,524288,246.06
${algorithm},socket,5,1048576,428.18
${algorithm},socket,6,1,0.71
${algorithm},socket,6,2,0.72
${algorithm},socket,6,4,0.71
${algorithm},socket,6,8,0.71
${algorithm},socket,6,16,0.70
${algorithm},socket,6,32,0.91
${algorithm},socket,6,64,0.88
${algorithm},socket,6,128,1.81
${algorithm},socket,6,256,1.86
${algorithm},socket,6,512,2.11
${algorithm},socket,6,1024,2.63
${algorithm},socket,6,2048,3.62
${algorithm},socket,6,4096,5.27
${algorithm},socket,6,8192,8.36
${algorithm},socket,6,16384,13.15
${algorithm},socket,6,32768,20.54
${algorithm},socket,6,65536,39.04
${algorithm},socket,6,131072,75.48
${algorithm},socket,6,262144,148.89
${algorithm},socket,6,524288,293.78
${algorithm},socket,6,1048576,545.17
${algorithm},socket,7,1,0.93
${algorithm},socket,7,2,0.95
${algorithm},socket,7,4,0.94
${algorithm},socket,7,8,0.95
${algorithm},socket,7,16,0.92
${algorithm},socket,7,32,1.14
${algorithm},socket,7,64,1.15
${algorithm},socket,7,128,2.11
${algorithm},socket,7,256,2.18
${algorithm},socket,7,512,2.44
${algorithm},socket,7,1024,3.08
${algorithm},socket,7,2048,4.26
${algorithm},socket,7,4096,6.00
${algorithm},socket,7,8192,9.46
${algorithm},socket,7,16384,14.46
${algorithm},socket,7,32768,23.08
${algorithm},socket,7,65536,44.15
${algorithm},socket,7,131072,89.69
${algorithm},socket,7,262144,188.37
${algorithm},socket,7,524288,353.73
${algorithm},socket,7,1048576,533.21
${algorithm},socket,8,1,1.14
${algorithm},socket,8,2,1.14
${algorithm},socket,8,4,1.19
${algorithm},socket,8,8,1.13
${algorithm},socket,8,16,1.13
${algorithm},socket,8,32,1.76
${algorithm},socket,8,64,1.48
${algorithm},socket,8,128,2.64
${algorithm},socket,8,256,2.75
${algorithm},socket,8,512,3.05
${algorithm},socket,8,1024,3.71
${algorithm},socket,8,2048,4.92
${algorithm},socket,8,4096,6.89
${algorithm},socket,8,8192,10.88
${algorithm},socket,8,16384,13.58
${algorithm},socket,8,32768,22.66
${algorithm},socket,8,65536,41.86
${algorithm},socket,8,131072,79.45
${algorithm},socket,8,262144,155.85
${algorithm},socket,8,524288,297.54
${algorithm},socket,8,1048576,536.66
${algorithm},socket,9,1,1.63
${algorithm},socket,9,2,1.60
${algorithm},socket,9,4,1.58
${algorithm},socket,9,8,1.59
${algorithm},socket,9,16,1.57
${algorithm},socket,9,32,1.92
${algorithm},socket,9,64,1.82
${algorithm},socket,9,128,3.07
${algorithm},socket,9,256,3.10
${algorithm},socket,9,512,3.48
${algorithm},socket,9,1024,4.33
${algorithm},socket,9,2048,5.58
${algorithm},socket,9,4096,7.60
${algorithm},socket,9,8192,11.95
${algorithm},socket,9,16384,15.53
${algorithm},socket,9,32768,25.35
${algorithm},socket,9,65536,46.30
${algorithm},socket,9,131072,101.58
${algorithm},socket,9,262144,181.34
${algorithm},socket,9,524288,333.20
${algorithm},socket,9,1048576,633.41
${algorithm},socket,10,1,2.19
${algorithm},socket,10,2,2.12
${algorithm},socket,10,4,2.01
${algorithm},socket,10,8,1.83
${algorithm},socket,10,16,1.72
${algorithm},socket,10,32,1.96
${algorithm},socket,10,64,1.78
${algorithm},socket,10,128,2.64
${algorithm},socket,10,256,2.57
${algorithm},socket,10,512,2.71
${algorithm},socket,10,1024,3.37
${algorithm},socket,10,2048,4.44
${algorithm},socket,10,4096,6.21
${algorithm},socket,10,8192,9.43
${algorithm},socket,10,16384,19.14
${algorithm},socket,10,32768,32.27
${algorithm},socket,10,65536,58.64
${algorithm},socket,10,131072,120.73
${algorithm},socket,10,262144,225.65
${algorithm},socket,10,524288,431.59
${algorithm},socket,10,1048576,841.81
${algorithm},socket,11,1,1.65
${algorithm},socket,11,2,1.74
${algorithm},socket,11,4,1.69
${algorithm},socket,11,8,1.68
${algorithm},socket,11,16,1.60
${algorithm},socket,11,32,1.99
${algorithm},socket,11,64,1.80
${algorithm},socket,11,128,2.85
${algorithm},socket,11,256,2.91
${algorithm},socket,11,512,3.24
${algorithm},socket,11,1024,4.11
${algorithm},socket,11,2048,5.26
${algorithm},socket,11,4096,7.46
${algorithm},socket,11,8192,11.54
${algorithm},socket,11,16384,21.43
${algorithm},socket,11,32768,35.54
${algorithm},socket,11,65536,68.41
${algorithm},socket,11,131072,142.63
${algorithm},socket,11,262144,261.40
${algorithm},socket,11,524288,495.34
${algorithm},socket,11,1048576,872.75
${algorithm},socket,12,1,1.79
${algorithm},socket,12,2,1.79
${algorithm},socket,12,4,1.77
${algorithm},socket,12,8,1.75
${algorithm},socket,12,16,1.68
${algorithm},socket,12,32,2.09
${algorithm},socket,12,64,1.90
${algorithm},socket,12,128,3.00
${algorithm},socket,12,256,3.08
${algorithm},socket,12,512,3.46
${algorithm},socket,12,1024,4.30
${algorithm},socket,12,2048,5.58
${algorithm},socket,12,4096,7.80
${algorithm},socket,12,8192,12.07
${algorithm},socket,12,16384,22.47
${algorithm},socket,12,32768,37.44
${algorithm},socket,12,65536,71.83
${algorithm},socket,12,131072,131.51
${algorithm},socket,12,262144,254.73
${algorithm},socket,12,524288,491.99
${algorithm},socket,12,1048576,940.40
${algorithm},socket,13,1,1.69
${algorithm},socket,13,2,1.61
${algorithm},socket,13,4,1.63
${algorithm},socket,13,8,1.57
${algorithm},socket,13,16,1.56
${algorithm},socket,13,32,2.06
${algorithm},socket,13,64,1.82
${algorithm},socket,13,128,3.10
${algorithm},socket,13,256,3.19
${algorithm},socket,13,512,3.46
${algorithm},socket,13,1024,4.38
${algorithm},socket,13,2048,5.70
${algorithm},socket,13,4096,8.03
${algorithm},socket,13,8192,12.53
${algorithm},socket,13,16384,23.12
${algorithm},socket,13,32768,38.64
${algorithm},socket,13,65536,78.11
${algorithm},socket,13,131072,145.29
${algorithm},socket,13,262144,276.53
${algorithm},socket,13,524288,526.96
${algorithm},socket,13,1048576,962.08
${algorithm},socket,14,1,1.57
${algorithm},socket,14,2,1.53
${algorithm},socket,14,4,1.48
${algorithm},socket,14,8,1.44
${algorithm},socket,14,16,1.39
${algorithm},socket,14,32,2.02
${algorithm},socket,14,64,1.73
${algorithm},socket,14,128,3.10
${algorithm},socket,14,256,3.22
${algorithm},socket,14,512,3.61
${algorithm},socket,14,1024,4.72
${algorithm},socket,14,2048,6.12
${algorithm},socket,14,4096,8.80
${algorithm},socket,14,8192,13.79
${algorithm},socket,14,16384,24.43
${algorithm},socket,14,32768,40.16
${algorithm},socket,14,65536,78.93
${algorithm},socket,14,131072,145.04
${algorithm},socket,14,262144,282.01
${algorithm},socket,14,524288,558.94
${algorithm},socket,14,1048576,1047.95
${algorithm},socket,15,1,1.74
${algorithm},socket,15,2,1.72
${algorithm},socket,15,4,1.72
${algorithm},socket,15,8,1.65
${algorithm},socket,15,16,1.57
${algorithm},socket,15,32,2.27
${algorithm},socket,15,64,1.97
${algorithm},socket,15,128,3.46
${algorithm},socket,15,256,3.61
${algorithm},socket,15,512,4.00
${algorithm},socket,15,1024,5.23
${algorithm},socket,15,2048,6.67
${algorithm},socket,15,4096,9.37
${algorithm},socket,15,8192,14.53
${algorithm},socket,15,16384,24.64
${algorithm},socket,15,32768,41.70
${algorithm},socket,15,65536,83.99
${algorithm},socket,15,131072,156.13
${algorithm},socket,15,262144,302.07
${algorithm},socket,15,524288,586.04
${algorithm},socket,15,1048576,1073.93
${algorithm},socket,16,1,1.85
${algorithm},socket,16,2,1.97
${algorithm},socket,16,4,1.89
${algorithm},socket,16,8,1.78
${algorithm},socket,16,16,1.67
${algorithm},socket,16,32,2.37
${algorithm},socket,16,64,2.14
${algorithm},socket,16,128,3.94
${algorithm},socket,16,256,4.02
${algorithm},socket,16,512,4.51
${algorithm},socket,16,1024,5.57
${algorithm},socket,16,2048,7.10
${algorithm},socket,16,4096,10.07
${algorithm},socket,16,8192,15.89
${algorithm},socket,16,16384,25.24
${algorithm},socket,16,32768,41.35
${algorithm},socket,16,65536,80.04
${algorithm},socket,16,131072,144.01
${algorithm},socket,16,262144,273.90
${algorithm},socket,16,524288,547.67
${algorithm},socket,16,1048576,1010.23
${algorithm},socket,17,1,2.13
${algorithm},socket,17,2,2.16
${algorithm},socket,17,4,2.13
${algorithm},socket,17,8,2.13
${algorithm},socket,17,16,2.09
${algorithm},socket,17,32,2.71
${algorithm},socket,17,64,2.56
${algorithm},socket,17,128,4.29
${algorithm},socket,17,256,4.37
${algorithm},socket,17,512,4.90
${algorithm},socket,17,1024,6.13
${algorithm},socket,17,2048,7.73
${algorithm},socket,17,4096,10.74
${algorithm},socket,17,8192,16.75
${algorithm},socket,17,16384,26.61
${algorithm},socket,17,32768,43.38
${algorithm},socket,17,65536,83.99
${algorithm},socket,17,131072,149.99
${algorithm},socket,17,262144,285.81
${algorithm},socket,17,524288,562.30
${algorithm},socket,17,1048576,1059.27
${algorithm},socket,18,1,2.65
${algorithm},socket,18,2,2.48
${algorithm},socket,18,4,2.36
${algorithm},socket,18,8,2.28
${algorithm},socket,18,16,2.21
${algorithm},socket,18,32,2.73
${algorithm},socket,18,64,2.69
${algorithm},socket,18,128,3.87
${algorithm},socket,18,256,3.96
${algorithm},socket,18,512,4.41
${algorithm},socket,18,1024,5.39
${algorithm},socket,18,2048,6.88
${algorithm},socket,18,4096,9.58
${algorithm},socket,18,8192,14.68
${algorithm},socket,18,16384,28.93
${algorithm},socket,18,32768,53.46
${algorithm},socket,18,65536,89.75
${algorithm},socket,18,131072,166.36
${algorithm},socket,18,262144,324.33
${algorithm},socket,18,524288,636.40
${algorithm},socket,18,1048576,1236.16
${algorithm},socket,19,1,2.52
${algorithm},socket,19,2,2.48
${algorithm},socket,19,4,2.48
${algorithm},socket,19,8,2.36
${algorithm},socket,19,16,2.29
${algorithm},socket,19,32,2.92
${algorithm},socket,19,64,2.76
${algorithm},socket,19,128,4.24
${algorithm},socket,19,256,4.35
${algorithm},socket,19,512,4.87
${algorithm},socket,19,1024,6.04
${algorithm},socket,19,2048,7.69
${algorithm},socket,19,4096,10.79
${algorithm},socket,19,8192,16.74
${algorithm},socket,19,16384,32.18
${algorithm},socket,19,32768,57.12
${algorithm},socket,19,65536,97.23
${algorithm},socket,19,131072,180.28
${algorithm},socket,19,262144,350.50
${algorithm},socket,19,524288,704.08
${algorithm},socket,19,1048576,1273.14
${algorithm},socket,20,1,2.26
${algorithm},socket,20,2,2.24
${algorithm},socket,20,4,2.22
${algorithm},socket,20,8,2.21
${algorithm},socket,20,16,2.18
${algorithm},socket,20,32,2.87
${algorithm},socket,20,64,2.85
${algorithm},socket,20,128,4.33
${algorithm},socket,20,256,4.42
${algorithm},socket,20,512,4.91
${algorithm},socket,20,1024,6.08
${algorithm},socket,20,2048,7.82
${algorithm},socket,20,4096,10.96
${algorithm},socket,20,8192,17.04
${algorithm},socket,20,16384,32.74
${algorithm},socket,20,32768,56.52
${algorithm},socket,20,65536,98.45
${algorithm},socket,20,131072,184.87
${algorithm},socket,20,262144,360.90
${algorithm},socket,20,524288,748.74
${algorithm},socket,20,1048576,1362.81
${algorithm},socket,21,1,2.19
${algorithm},socket,21,2,2.20
${algorithm},socket,21,4,2.20
${algorithm},socket,21,8,2.13
${algorithm},socket,21,16,2.05
${algorithm},socket,21,32,2.85
${algorithm},socket,21,64,2.61
${algorithm},socket,21,128,4.21
${algorithm},socket,21,256,4.34
${algorithm},socket,21,512,4.90
${algorithm},socket,21,1024,6.01
${algorithm},socket,21,2048,7.74
${algorithm},socket,21,4096,11.04
${algorithm},socket,21,8192,17.35
${algorithm},socket,21,16384,32.66
${algorithm},socket,21,32768,57.04
${algorithm},socket,21,65536,99.83
${algorithm},socket,21,131072,187.06
${algorithm},socket,21,262144,366.17
${algorithm},socket,21,524288,755.72
${algorithm},socket,21,1048576,1329.12
${algorithm},socket,22,1,2.54
${algorithm},socket,22,2,2.63
${algorithm},socket,22,4,2.50
${algorithm},socket,22,8,2.39
${algorithm},socket,22,16,2.32
${algorithm},socket,22,32,3.23
${algorithm},socket,22,64,2.96
${algorithm},socket,22,128,4.88
${algorithm},socket,22,256,5.03
${algorithm},socket,22,512,5.62
${algorithm},socket,22,1024,7.01
${algorithm},socket,22,2048,8.83
${algorithm},socket,22,4096,12.24
${algorithm},socket,22,8192,19.06
${algorithm},socket,22,16384,34.96
${algorithm},socket,22,32768,58.31
${algorithm},socket,22,65536,102.46
${algorithm},socket,22,131072,193.20
${algorithm},socket,22,262144,379.01
${algorithm},socket,22,524288,760.76
${algorithm},socket,22,1048576,1428.08
${algorithm},socket,23,1,2.30
${algorithm},socket,23,2,2.41
${algorithm},socket,23,4,2.38
${algorithm},socket,23,8,2.35
${algorithm},socket,23,16,2.31
${algorithm},socket,23,32,3.26
${algorithm},socket,23,64,3.07
${algorithm},socket,23,128,4.95
${algorithm},socket,23,256,5.10
${algorithm},socket,23,512,5.69
${algorithm},socket,23,1024,7.16
${algorithm},socket,23,2048,9.10
${algorithm},socket,23,4096,12.72
${algorithm},socket,23,8192,19.95
${algorithm},socket,23,16384,34.54
${algorithm},socket,23,32768,62.11
${algorithm},socket,23,65536,107.09
${algorithm},socket,23,131072,200.74
${algorithm},socket,23,262144,392.43
${algorithm},socket,23,524288,784.13
${algorithm},socket,23,1048576,1513.71
${algorithm},socket,24,1,2.64
${algorithm},socket,24,2,2.63
${algorithm},socket,24,4,2.59
${algorithm},socket,24,8,2.46
${algorithm},socket,24,16,2.35
${algorithm},socket,24,32,3.41
${algorithm},socket,24,64,3.16
${algorithm},socket,24,128,5.19
${algorithm},socket,24,256,5.33
${algorithm},socket,24,512,6.01
${algorithm},socket,24,1024,7.74
${algorithm},socket,24,2048,9.61
${algorithm},socket,24,4096,13.39
${algorithm},socket,24,8192,20.84
${algorithm},socket,24,16384,36.91
${algorithm},socket,24,32768,57.71
${algorithm},socket,24,65536,97.41
${algorithm},socket,24,131072,178.82
${algorithm},socket,24,262144,349.21
${algorithm},socket,24,524288,722.37
${algorithm},socket,24,1048576,1428.54
${algorithm},socket,25,1,2.29
${algorithm},socket,25,2,2.31
${algorithm},socket,25,4,2.32
${algorithm},socket,25,8,2.30
${algorithm},socket,25,16,2.29
${algorithm},socket,25,32,3.33
${algorithm},socket,25,64,3.02
${algorithm},socket,25,128,5.14
${algorithm},socket,25,256,5.33
${algorithm},socket,25,512,5.99
${algorithm},socket,25,1024,7.59
${algorithm},socket,25,2048,9.76
${algorithm},socket,25,4096,13.62
${algorithm},socket,25,8192,22.28
${algorithm},socket,25,16384,36.37
${algorithm},socket,25,32768,58.85
${algorithm},socket,25,65536,101.53
${algorithm},socket,25,131072,188.86
${algorithm},socket,25,262144,366.11
${algorithm},socket,25,524288,730.20
${algorithm},socket,25,1048576,1412.12
${algorithm},socket,26,1,2.44
${algorithm},socket,26,2,2.45
${algorithm},socket,26,4,2.48
${algorithm},socket,26,8,2.45
${algorithm},socket,26,16,2.49
${algorithm},socket,26,32,3.42
${algorithm},socket,26,64,3.17
${algorithm},socket,26,128,4.73
${algorithm},socket,26,256,4.83
${algorithm},socket,26,512,5.47
${algorithm},socket,26,1024,6.74
${algorithm},socket,26,2048,8.76
${algorithm},socket,26,4096,12.23
${algorithm},socket,26,8192,21.57
${algorithm},socket,26,16384,38.31
${algorithm},socket,26,32768,60.96
${algorithm},socket,26,65536,107.30
${algorithm},socket,26,131072,202.54
${algorithm},socket,26,262144,375.38
${algorithm},socket,26,524288,771.93
${algorithm},socket,26,1048576,1473.82
${algorithm},socket,27,1,2.56
${algorithm},socket,27,2,2.51
${algorithm},socket,27,4,2.50
${algorithm},socket,27,8,2.50
${algorithm},socket,27,16,2.52
${algorithm},socket,27,32,3.46
${algorithm},socket,27,64,3.21
${algorithm},socket,27,128,5.06
${algorithm},socket,27,256,5.17
${algorithm},socket,27,512,5.83
${algorithm},socket,27,1024,7.19
${algorithm},socket,27,2048,9.33
${algorithm},socket,27,4096,13.21
${algorithm},socket,27,8192,21.39
${algorithm},socket,27,16384,39.69
${algorithm},socket,27,32768,64.43
${algorithm},socket,27,65536,112.65
${algorithm},socket,27,131072,211.95
${algorithm},socket,27,262144,420.11
${algorithm},socket,27,524288,838.52
${algorithm},socket,27,1048576,1587.66
${algorithm},socket,28,1,2.54
${algorithm},socket,28,2,2.57
${algorithm},socket,28,4,2.50
${algorithm},socket,28,8,2.54
${algorithm},socket,28,16,2.56
${algorithm},socket,28,32,3.55
${algorithm},socket,28,64,3.22
${algorithm},socket,28,128,5.00
${algorithm},socket,28,256,5.20
${algorithm},socket,28,512,5.87
${algorithm},socket,28,1024,7.25
${algorithm},socket,28,2048,9.40
${algorithm},socket,28,4096,13.32
${algorithm},socket,28,8192,24.14
${algorithm},socket,28,16384,41.13
${algorithm},socket,28,32768,65.92
${algorithm},socket,28,65536,113.98
${algorithm},socket,28,131072,214.53
${algorithm},socket,28,262144,423.40
${algorithm},socket,28,524288,845.35
${algorithm},socket,28,1048576,1702.40
${algorithm},socket,29,1,2.44
${algorithm},socket,29,2,2.48
${algorithm},socket,29,4,2.43
${algorithm},socket,29,8,2.42
${algorithm},socket,29,16,2.42
${algorithm},socket,29,32,3.56
${algorithm},socket,29,64,3.19
${algorithm},socket,29,128,4.97
${algorithm},socket,29,256,5.15
${algorithm},socket,29,512,5.82
${algorithm},socket,29,1024,7.23
${algorithm},socket,29,2048,10.39
${algorithm},socket,29,4096,13.89
${algorithm},socket,29,8192,21.81
${algorithm},socket,29,16384,39.77
${algorithm},socket,29,32768,65.69
${algorithm},socket,29,65536,116.57
${algorithm},socket,29,131072,218.43
${algorithm},socket,29,262144,432.14
${algorithm},socket,29,524288,884.79
${algorithm},socket,29,1048576,1637.58
${algorithm},socket,30,1,2.49
${algorithm},socket,30,2,2.37
${algorithm},socket,30,4,2.36
${algorithm},socket,30,8,2.39
${algorithm},socket,30,16,2.33
${algorithm},socket,30,32,3.42
${algorithm},socket,30,64,3.21
${algorithm},socket,30,128,5.12
${algorithm},socket,30,256,5.32
${algorithm},socket,30,512,6.03
${algorithm},socket,30,1024,7.58
${algorithm},socket,30,2048,10.01
${algorithm},socket,30,4096,17.25
${algorithm},socket,30,8192,23.39
${algorithm},socket,30,16384,41.50
${algorithm},socket,30,32768,67.84
${algorithm},socket,30,65536,119.05
${algorithm},socket,30,131072,223.93
${algorithm},socket,30,262144,453.08
${algorithm},socket,30,524288,860.05
${algorithm},socket,30,1048576,1594.18
${algorithm},socket,31,1,2.34
${algorithm},socket,31,2,2.41
${algorithm},socket,31,4,2.41
${algorithm},socket,31,8,2.33
${algorithm},socket,31,16,2.29
${algorithm},socket,31,32,3.63
${algorithm},socket,31,64,3.23
${algorithm},socket,31,128,5.44
${algorithm},socket,31,256,5.73
${algorithm},socket,31,512,6.52
${algorithm},socket,31,1024,8.21
${algorithm},socket,31,2048,10.77
${algorithm},socket,31,4096,18.62
${algorithm},socket,31,8192,24.49
${algorithm},socket,31,16384,40.46
${algorithm},socket,31,32768,65.62
${algorithm},socket,31,65536,112.47
${algorithm},socket,31,131072,205.76
${algorithm},socket,31,262144,402.57
${algorithm},socket,31,524288,812.11
${algorithm},socket,31,1048576,1608.15
${algorithm},socket,32,1,3.37
${algorithm},socket,32,2,3.24
${algorithm},socket,32,4,3.09
${algorithm},socket,32,8,3.03
${algorithm},socket,32,16,2.96
${algorithm},socket,32,32,4.16
${algorithm},socket,32,64,4.00
${algorithm},socket,32,128,6.32
${algorithm},socket,32,256,6.55
${algorithm},socket,32,512,7.38
${algorithm},socket,32,1024,8.90
${algorithm},socket,32,2048,11.80
${algorithm},socket,32,4096,18.61
${algorithm},socket,32,8192,25.92
${algorithm},socket,32,16384,41.80
${algorithm},socket,32,32768,66.94
${algorithm},socket,32,65536,115.10
${algorithm},socket,32,131072,209.68
${algorithm},socket,32,262144,421.17
${algorithm},socket,32,524288,834.64
${algorithm},socket,32,1048576,1644.29
${algorithm},socket,33,1,5.04
${algorithm},socket,33,2,5.00
${algorithm},socket,33,4,4.99
${algorithm},socket,33,8,4.92
${algorithm},socket,33,16,5.04
${algorithm},socket,33,32,6.06
${algorithm},socket,33,64,5.93
${algorithm},socket,33,128,8.43
${algorithm},socket,33,256,8.60
${algorithm},socket,33,512,9.57
${algorithm},socket,33,1024,11.11
${algorithm},socket,33,2048,16.60
${algorithm},socket,33,4096,18.75
${algorithm},socket,33,8192,28.17
${algorithm},socket,33,16384,45.76
${algorithm},socket,33,32768,71.47
${algorithm},socket,33,65536,120.14
${algorithm},socket,33,131072,214.24
${algorithm},socket,33,262144,424.13
${algorithm},socket,33,524288,841.58
${algorithm},socket,33,1048576,1643.89
${algorithm},socket,34,1,4.95
${algorithm},socket,34,2,4.91
${algorithm},socket,34,4,4.88
${algorithm},socket,34,8,4.81
${algorithm},socket,34,16,4.82
${algorithm},socket,34,32,6.00
${algorithm},socket,34,64,5.84
${algorithm},socket,34,128,8.15
${algorithm},socket,34,256,8.24
${algorithm},socket,34,512,8.96
${algorithm},socket,34,1024,10.36
${algorithm},socket,34,2048,19.48
${algorithm},socket,34,4096,18.75
${algorithm},socket,34,8192,26.36
${algorithm},socket,34,16384,47.49
${algorithm},socket,34,32768,75.03
${algorithm},socket,34,65536,127.29
${algorithm},socket,34,131072,233.25
${algorithm},socket,34,262144,458.23
${algorithm},socket,34,524288,933.31
${algorithm},socket,34,1048576,1849.47
${algorithm},socket,35,1,4.94
${algorithm},socket,35,2,4.94
${algorithm},socket,35,4,4.85
${algorithm},socket,35,8,4.81
${algorithm},socket,35,16,4.84
${algorithm},socket,35,32,5.97
${algorithm},socket,35,64,6.09
${algorithm},socket,35,128,8.12
${algorithm},socket,35,256,8.41
${algorithm},socket,35,512,9.13
${algorithm},socket,35,1024,10.70
${algorithm},socket,35,2048,18.97
${algorithm},socket,35,4096,19.90
${algorithm},socket,35,8192,27.80
${algorithm},socket,35,16384,48.79
${algorithm},socket,35,32768,77.36
${algorithm},socket,35,65536,131.99
${algorithm},socket,35,131072,240.16
${algorithm},socket,35,262144,476.68
${algorithm},socket,35,524288,945.91
${algorithm},socket,35,1048576,1810.62
${algorithm},socket,36,1,5.18
${algorithm},socket,36,2,5.13
${algorithm},socket,36,4,5.15
${algorithm},socket,36,8,5.13
${algorithm},socket,36,16,5.18
${algorithm},socket,36,32,6.19
${algorithm},socket,36,64,6.11
${algorithm},socket,36,128,8.61
${algorithm},socket,36,256,8.91
${algorithm},socket,36,512,9.69
${algorithm},socket,36,1024,12.82
${algorithm},socket,36,2048,15.82
${algorithm},socket,36,4096,19.43
${algorithm},socket,36,8192,29.26
${algorithm},socket,36,16384,49.09
${algorithm},socket,36,32768,78.59
${algorithm},socket,36,65536,134.10
${algorithm},socket,36,131072,245.70
${algorithm},socket,36,262144,494.24
${algorithm},socket,36,524288,987.97
${algorithm},socket,36,1048576,1937.57
${algorithm},socket,37,1,5.00
${algorithm},socket,37,2,4.97
${algorithm},socket,37,4,4.97
${algorithm},socket,37,8,4.91
${algorithm},socket,37,16,4.94
${algorithm},socket,37,32,6.05
${algorithm},socket,37,64,5.94
${algorithm},socket,37,128,8.43
${algorithm},socket,37,256,8.67
${algorithm},socket,37,512,9.50
${algorithm},socket,37,1024,11.10
${algorithm},socket,37,2048,27.31
${algorithm},socket,37,4096,19.16
${algorithm},socket,37,8192,28.90
${algorithm},socket,37,16384,49.65
${algorithm},socket,37,32768,78.61
${algorithm},socket,37,65536,134.96
${algorithm},socket,37,131072,238.64
${algorithm},socket,37,262144,484.31
${algorithm},socket,37,524288,982.74
${algorithm},socket,37,1048576,1861.27
${algorithm},socket,38,1,4.75
${algorithm},socket,38,2,4.79
${algorithm},socket,38,4,4.74
${algorithm},socket,38,8,4.70
${algorithm},socket,38,16,4.68
${algorithm},socket,38,32,6.04
${algorithm},socket,38,64,5.79
${algorithm},socket,38,128,8.61
${algorithm},socket,38,256,8.78
${algorithm},socket,38,512,9.67
${algorithm},socket,38,1024,12.34
${algorithm},socket,38,2048,15.29
${algorithm},socket,38,4096,19.73
${algorithm},socket,38,8192,29.98
${algorithm},socket,38,16384,51.25
${algorithm},socket,38,32768,80.29
${algorithm},socket,38,65536,137.45
${algorithm},socket,38,131072,248.66
${algorithm},socket,38,262144,491.72
${algorithm},socket,38,524288,1023.88
${algorithm},socket,38,1048576,1884.84
${algorithm},socket,39,1,4.74
${algorithm},socket,39,2,4.75
${algorithm},socket,39,4,4.72
${algorithm},socket,39,8,4.69
${algorithm},socket,39,16,4.69
${algorithm},socket,39,32,6.36
${algorithm},socket,39,64,5.84
${algorithm},socket,39,128,8.53
${algorithm},socket,39,256,8.83
${algorithm},socket,39,512,11.44
${algorithm},socket,39,1024,14.59
${algorithm},socket,39,2048,15.20
${algorithm},socket,39,4096,21.41
${algorithm},socket,39,8192,30.74
${algorithm},socket,39,16384,50.61
${algorithm},socket,39,32768,79.91
${algorithm},socket,39,65536,134.41
${algorithm},socket,39,131072,242.27
${algorithm},socket,39,262144,472.13
${algorithm},socket,39,524288,985.23
${algorithm},socket,39,1048576,1867.10
${algorithm},socket,40,1,5.10
${algorithm},socket,40,2,4.98
${algorithm},socket,40,4,5.00
${algorithm},socket,40,8,4.92
${algorithm},socket,40,16,4.92
${algorithm},socket,40,32,6.32
${algorithm},socket,40,64,7.02
${algorithm},socket,40,128,9.23
${algorithm},socket,40,256,9.60
${algorithm},socket,40,512,10.33
${algorithm},socket,40,1024,15.64
${algorithm},socket,40,2048,17.34
${algorithm},socket,40,4096,21.18
${algorithm},socket,40,8192,32.14
${algorithm},socket,40,16384,51.70
${algorithm},socket,40,32768,81.84
${algorithm},socket,40,65536,137.30
${algorithm},socket,40,131072,245.65
${algorithm},socket,40,262144,498.87
${algorithm},socket,40,524288,961.60
${algorithm},socket,40,1048576,1856.63
${algorithm},socket,41,1,4.85
${algorithm},socket,41,2,4.81
${algorithm},socket,41,4,4.78
${algorithm},socket,41,8,4.74
${algorithm},socket,41,16,4.73
${algorithm},socket,41,32,6.17
${algorithm},socket,41,64,5.94
${algorithm},socket,41,128,8.89
${algorithm},socket,41,256,9.21
${algorithm},socket,41,512,11.44
${algorithm},socket,41,1024,14.05
${algorithm},socket,41,2048,16.40
${algorithm},socket,41,4096,21.22
${algorithm},socket,41,8192,32.18
${algorithm},socket,41,16384,52.65
${algorithm},socket,41,32768,83.54
${algorithm},socket,41,65536,140.20
${algorithm},socket,41,131072,249.40
${algorithm},socket,41,262144,491.33
${algorithm},socket,41,524288,995.45
${algorithm},socket,41,1048576,1848.19
${algorithm},socket,42,1,4.94
${algorithm},socket,42,2,5.03
${algorithm},socket,42,4,4.88
${algorithm},socket,42,8,4.81
${algorithm},socket,42,16,4.85
${algorithm},socket,42,32,6.22
${algorithm},socket,42,64,6.11
${algorithm},socket,42,128,8.57
${algorithm},socket,42,256,8.96
${algorithm},socket,42,512,10.43
${algorithm},socket,42,1024,15.08
${algorithm},socket,42,2048,15.76
${algorithm},socket,42,4096,20.26
${algorithm},socket,42,8192,30.61
${algorithm},socket,42,16384,55.30
${algorithm},socket,42,32768,87.73
${algorithm},socket,42,65536,143.61
${algorithm},socket,42,131072,257.81
${algorithm},socket,42,262144,508.77
${algorithm},socket,42,524288,1065.08
${algorithm},socket,42,1048576,1973.68
${algorithm},socket,43,1,4.53
${algorithm},socket,43,2,4.52
${algorithm},socket,43,4,4.57
${algorithm},socket,43,8,4.53
${algorithm},socket,43,16,4.54
${algorithm},socket,43,32,6.10
${algorithm},socket,43,64,5.95
${algorithm},socket,43,128,8.43
${algorithm},socket,43,256,10.21
${algorithm},socket,43,512,14.50
${algorithm},socket,43,1024,13.51
${algorithm},socket,43,2048,15.17
${algorithm},socket,43,4096,20.82
${algorithm},socket,43,8192,31.78
${algorithm},socket,43,16384,56.07
${algorithm},socket,43,32768,89.41
${algorithm},socket,43,65536,156.31
${algorithm},socket,43,131072,274.10
${algorithm},socket,43,262144,540.42
${algorithm},socket,43,524288,1060.98
${algorithm},socket,43,1048576,2006.79
${algorithm},socket,44,1,4.65
${algorithm},socket,44,2,4.80
${algorithm},socket,44,4,4.70
${algorithm},socket,44,8,4.61
${algorithm},socket,44,16,4.59
${algorithm},socket,44,32,6.13
${algorithm},socket,44,64,5.96
${algorithm},socket,44,128,8.82
${algorithm},socket,44,256,9.05
${algorithm},socket,44,512,15.81
${algorithm},socket,44,1024,13.27
${algorithm},socket,44,2048,15.19
${algorithm},socket,44,4096,21.13
${algorithm},socket,44,8192,31.86
${algorithm},socket,44,16384,56.64
${algorithm},socket,44,32768,89.51
${algorithm},socket,44,65536,152.02
${algorithm},socket,44,131072,280.14
${algorithm},socket,44,262144,547.94
${algorithm},socket,44,524288,1084.74
${algorithm},socket,44,1048576,2070.87
${algorithm},socket,45,1,4.68
${algorithm},socket,45,2,4.65
${algorithm},socket,45,4,4.78
${algorithm},socket,45,8,4.62
${algorithm},socket,45,16,4.65
${algorithm},socket,45,32,6.17
${algorithm},socket,45,64,5.95
${algorithm},socket,45,128,8.92
${algorithm},socket,45,256,9.30
${algorithm},socket,45,512,15.11
${algorithm},socket,45,1024,13.01
${algorithm},socket,45,2048,15.51
${algorithm},socket,45,4096,21.35
${algorithm},socket,45,8192,32.67
${algorithm},socket,45,16384,56.84
${algorithm},socket,45,32768,90.66
${algorithm},socket,45,65536,153.31
${algorithm},socket,45,131072,285.48
${algorithm},socket,45,262144,559.84
${algorithm},socket,45,524288,1154.22
${algorithm},socket,45,1048576,2038.66
${algorithm},socket,46,1,4.69
${algorithm},socket,46,2,4.68
${algorithm},socket,46,4,4.70
${algorithm},socket,46,8,4.70
${algorithm},socket,46,16,4.66
${algorithm},socket,46,32,7.25
${algorithm},socket,46,64,6.08
${algorithm},socket,46,128,9.21
${algorithm},socket,46,256,10.44
${algorithm},socket,46,512,12.91
${algorithm},socket,46,1024,13.30
${algorithm},socket,46,2048,16.30
${algorithm},socket,46,4096,22.91
${algorithm},socket,46,8192,35.00
${algorithm},socket,46,16384,58.56
${algorithm},socket,46,32768,92.13
${algorithm},socket,46,65536,152.65
${algorithm},socket,46,131072,277.73
${algorithm},socket,46,262144,535.89
${algorithm},socket,46,524288,1064.38
${algorithm},socket,46,1048576,2045.87
${algorithm},socket,47,1,4.82
${algorithm},socket,47,2,4.70
${algorithm},socket,47,4,4.71
${algorithm},socket,47,8,4.72
${algorithm},socket,47,16,4.70
${algorithm},socket,47,32,6.51
${algorithm},socket,47,64,6.14
${algorithm},socket,47,128,9.55
${algorithm},socket,47,256,10.90
${algorithm},socket,47,512,13.15
${algorithm},socket,47,1024,16.60
${algorithm},socket,47,2048,16.53
${algorithm},socket,47,4096,23.22
${algorithm},socket,47,8192,35.24
${algorithm},socket,47,16384,58.97
${algorithm},socket,47,32768,93.27
${algorithm},socket,47,65536,153.51
${algorithm},socket,47,131072,280.98
${algorithm},socket,47,262144,554.72
${algorithm},socket,47,524288,1093.15
${algorithm},socket,47,1048576,2115.28
${algorithm},socket,48,1,4.79
${algorithm},socket,48,2,4.75
${algorithm},socket,48,4,4.75
${algorithm},socket,48,8,4.73
${algorithm},socket,48,16,4.74
${algorithm},socket,48,32,6.80
${algorithm},socket,48,64,6.34
${algorithm},socket,48,128,10.21
${algorithm},socket,48,256,13.10
${algorithm},socket,48,512,12.10
${algorithm},socket,48,1024,13.23
${algorithm},socket,48,2048,16.62
${algorithm},socket,48,4096,23.39
${algorithm},socket,48,8192,35.43
${algorithm},socket,48,16384,59.90
${algorithm},socket,48,32768,94.82
${algorithm},socket,48,65536,156.93
${algorithm},socket,48,131072,285.82
${algorithm},socket,48,262144,559.29
${algorithm},socket,48,524288,1162.93
${algorithm},socket,48,1048576,2180.78
${algorithm},node,2,1,1.03
${algorithm},node,2,2,1.04
${algorithm},node,2,4,1.05
${algorithm},node,2,8,1.02
${algorithm},node,2,16,1.04
${algorithm},node,2,32,1.05
${algorithm},node,2,64,1.30
${algorithm},node,2,128,1.14
${algorithm},node,2,256,1.27
${algorithm},node,2,512,1.32
${algorithm},node,2,1024,1.42
${algorithm},node,2,2048,1.80
${algorithm},node,2,4096,3.17
${algorithm},node,2,8192,3.99
${algorithm},node,2,16384,5.56
${algorithm},node,2,32768,8.97
${algorithm},node,2,65536,11.61
${algorithm},node,2,131072,17.02
${algorithm},node,2,262144,27.84
${algorithm},node,2,524288,49.75
${algorithm},node,2,1048576,94.73
${algorithm},node,3,1,1.45
${algorithm},node,3,2,1.36
${algorithm},node,3,4,1.34
${algorithm},node,3,8,1.28
${algorithm},node,3,16,1.27
${algorithm},node,3,32,1.26
${algorithm},node,3,64,1.58
${algorithm},node,3,128,1.34
${algorithm},node,3,256,1.56
${algorithm},node,3,512,1.60
${algorithm},node,3,1024,1.79
${algorithm},node,3,2048,2.25
${algorithm},node,3,4096,3.09
${algorithm},node,3,8192,4.26
${algorithm},node,3,16384,6.01
${algorithm},node,3,32768,8.70
${algorithm},node,3,65536,12.93
${algorithm},node,3,131072,18.17
${algorithm},node,3,262144,28.82
${algorithm},node,3,524288,53.51
${algorithm},node,3,1048576,104.24
${algorithm},node,4,1,0.51
${algorithm},node,4,2,0.50
${algorithm},node,4,4,0.46
${algorithm},node,4,8,0.46
${algorithm},node,4,16,0.44
${algorithm},node,4,32,0.59
${algorithm},node,4,64,0.83
${algorithm},node,4,128,0.84
${algorithm},node,4,256,1.12
${algorithm},node,4,512,1.24
${algorithm},node,4,1024,1.49
${algorithm},node,4,2048,2.14
${algorithm},node,4,4096,3.27
${algorithm},node,4,8192,5.04
${algorithm},node,4,16384,5.80
${algorithm},node,4,32768,9.39
${algorithm},node,4,65536,15.00
${algorithm},node,4,131072,24.75
${algorithm},node,4,262144,43.55
${algorithm},node,4,524288,84.60
${algorithm},node,4,1048576,165.93
${algorithm},node,5,1,0.62
${algorithm},node,5,2,0.58
${algorithm},node,5,4,0.56
${algorithm},node,5,8,0.54
${algorithm},node,5,16,0.52
${algorithm},node,5,32,0.71
${algorithm},node,5,64,0.91
${algorithm},node,5,128,0.95
${algorithm},node,5,256,1.20
${algorithm},node,5,512,1.33
${algorithm},node,5,1024,1.64
${algorithm},node,5,2048,2.42
${algorithm},node,5,4096,3.65
${algorithm},node,5,8192,5.61
${algorithm},node,5,16384,7.22
${algorithm},node,5,32768,11.52
${algorithm},node,5,65536,18.83
${algorithm},node,5,131072,30.97
${algorithm},node,5,262144,48.47
${algorithm},node,5,524288,93.08
${algorithm},node,5,1048576,187.03
${algorithm},node,6,1,0.91
${algorithm},node,6,2,0.87
${algorithm},node,6,4,0.85
${algorithm},node,6,8,0.81
${algorithm},node,6,16,0.80
${algorithm},node,6,32,0.82
${algorithm},node,6,64,1.12
${algorithm},node,6,128,1.01
${algorithm},node,6,256,1.35
${algorithm},node,6,512,1.45
${algorithm},node,6,1024,1.67
${algorithm},node,6,2048,2.48
${algorithm},node,6,4096,3.79
${algorithm},node,6,8192,5.62
${algorithm},node,6,16384,8.13
${algorithm},node,6,32768,13.04
${algorithm},node,6,65536,20.43
${algorithm},node,6,131072,33.43
${algorithm},node,6,262144,72.21
${algorithm},node,6,524288,136.77
${algorithm},node,6,1048576,271.37
${algorithm},node,7,1,1.28
${algorithm},node,7,2,1.23
${algorithm},node,7,4,1.22
${algorithm},node,7,8,1.18
${algorithm},node,7,16,1.17
${algorithm},node,7,32,1.24
${algorithm},node,7,64,1.49
${algorithm},node,7,128,1.52
${algorithm},node,7,256,1.92
${algorithm},node,7,512,2.08
${algorithm},node,7,1024,2.39
${algorithm},node,7,2048,3.24
${algorithm},node,7,4096,4.82
${algorithm},node,7,8192,6.96
${algorithm},node,7,16384,9.71
${algorithm},node,7,32768,15.11
${algorithm},node,7,65536,24.25
${algorithm},node,7,131072,40.28
${algorithm},node,7,262144,89.35
${algorithm},node,7,524288,173.13
${algorithm},node,7,1048576,340.94
${algorithm},node,8,1,1.54
${algorithm},node,8,2,1.52
${algorithm},node,8,4,1.47
${algorithm},node,8,8,1.43
${algorithm},node,8,16,1.42
${algorithm},node,8,32,1.40
${algorithm},node,8,64,1.86
${algorithm},node,8,128,1.69
${algorithm},node,8,256,2.17
${algorithm},node,8,512,2.29
${algorithm},node,8,1024,2.59
${algorithm},node,8,2048,3.51
${algorithm},node,8,4096,5.17
${algorithm},node,8,8192,7.29
${algorithm},node,8,16384,10.71
${algorithm},node,8,32768,16.72
${algorithm},node,8,65536,27.26
${algorithm},node,8,131072,48.56
${algorithm},node,8,262144,138.98
${algorithm},node,8,524288,271.61
${algorithm},node,8,1048576,537.62
${algorithm},node,9,1,1.93
${algorithm},node,9,2,1.82
${algorithm},node,9,4,1.76
${algorithm},node,9,8,1.75
${algorithm},node,9,16,1.73
${algorithm},node,9,32,1.72
${algorithm},node,9,64,1.98
${algorithm},node,9,128,2.02
${algorithm},node,9,256,2.56
${algorithm},node,9,512,2.73
${algorithm},node,9,1024,3.03
${algorithm},node,9,2048,4.03
${algorithm},node,9,4096,5.91
${algorithm},node,9,8192,8.08
${algorithm},node,9,16384,11.81
${algorithm},node,9,32768,18.24
${algorithm},node,9,65536,29.53
${algorithm},node,9,131072,51.59
${algorithm},node,9,262144,166.29
${algorithm},node,9,524288,326.88
${algorithm},node,9,1048576,648.64
${algorithm},node,10,1,2.36
${algorithm},node,10,2,2.34
${algorithm},node,10,4,2.34
${algorithm},node,10,8,2.30
${algorithm},node,10,16,2.34
${algorithm},node,10,32,2.43
${algorithm},node,10,64,2.82
${algorithm},node,10,128,2.94
${algorithm},node,10,256,3.31
${algorithm},node,10,512,3.48
${algorithm},node,10,1024,3.90
${algorithm},node,10,2048,5.07
${algorithm},node,10,4096,6.67
${algorithm},node,10,8192,9.40
${algorithm},node,10,16384,14.09
${algorithm},node,10,32768,20.96
${algorithm},node,10,65536,39.51
${algorithm},node,10,131072,66.44
${algorithm},node,10,262144,133.41
${algorithm},node,10,524288,268.90
${algorithm},node,10,1048576,444.91
${algorithm},node,11,1,2.59
${algorithm},node,11,2,2.54
${algorithm},node,11,4,2.55
${algorithm},node,11,8,2.52
${algorithm},node,11,16,2.53
${algorithm},node,11,32,2.58
${algorithm},node,11,64,3.12
${algorithm},node,11,128,3.03
${algorithm},node,11,256,3.53
${algorithm},node,11,512,3.75
${algorithm},node,11,1024,4.09
${algorithm},node,11,2048,5.39
${algorithm},node,11,4096,7.27
${algorithm},node,11,8192,9.99
${algorithm},node,11,16384,13.40
${algorithm},node,11,32768,18.68
${algorithm},node,11,65536,32.86
${algorithm},node,11,131072,52.36
${algorithm},node,11,262144,164.57
${algorithm},node,11,524288,307.99
${algorithm},node,11,1048576,567.19
${algorithm},node,12,1,2.49
${algorithm},node,12,2,2.45
${algorithm},node,12,4,2.46
${algorithm},node,12,8,2.45
${algorithm},node,12,16,2.45
${algorithm},node,12,32,2.56
${algorithm},node,12,64,3.05
${algorithm},node,12,128,3.05
${algorithm},node,12,256,3.45
${algorithm},node,12,512,3.68
${algorithm},node,12,1024,4.07
${algorithm},node,12,2048,5.48
${algorithm},node,12,4096,7.33
${algorithm},node,12,8192,10.25
${algorithm},node,12,16384,14.14
${algorithm},node,12,32768,20.05
${algorithm},node,12,65536,31.04
${algorithm},node,12,131072,52.95
${algorithm},node,12,262144,116.48
${algorithm},node,12,524288,229.66
${algorithm},node,12,1048576,412.00
${algorithm},node,13,1,2.09
${algorithm},node,13,2,2.10
${algorithm},node,13,4,2.08
${algorithm},node,13,8,2.05
${algorithm},node,13,16,2.06
${algorithm},node,13,32,2.10
${algorithm},node,13,64,2.93
${algorithm},node,13,128,2.59
${algorithm},node,13,256,3.23
${algorithm},node,13,512,3.41
${algorithm},node,13,1024,3.80
${algorithm},node,13,2048,5.19
${algorithm},node,13,4096,7.18
${algorithm},node,13,8192,10.17
${algorithm},node,13,16384,14.40
${algorithm},node,13,32768,20.07
${algorithm},node,13,65536,32.90
${algorithm},node,13,131072,52.81
${algorithm},node,13,262144,123.01
${algorithm},node,13,524288,230.69
${algorithm},node,13,1048576,456.64
${algorithm},node,14,1,2.15
${algorithm},node,14,2,2.14
${algorithm},node,14,4,2.14
${algorithm},node,14,8,2.10
${algorithm},node,14,16,2.11
${algorithm},node,14,32,2.17
${algorithm},node,14,64,2.97
${algorithm},node,14,128,2.61
${algorithm},node,14,256,3.26
${algorithm},node,14,512,3.45
${algorithm},node,14,1024,3.85
${algorithm},node,14,2048,5.23
${algorithm},node,14,4096,7.60
${algorithm},node,14,8192,10.98
${algorithm},node,14,16384,15.18
${algorithm},node,14,32768,22.93
${algorithm},node,14,65536,35.79
${algorithm},node,14,131072,61.18
${algorithm},node,14,262144,201.47
${algorithm},node,14,524288,372.31
${algorithm},node,14,1048576,679.63
${algorithm},node,15,1,2.32
${algorithm},node,15,2,2.32
${algorithm},node,15,4,2.29
${algorithm},node,15,8,2.31
${algorithm},node,15,16,2.29
${algorithm},node,15,32,2.34
${algorithm},node,15,64,2.73
${algorithm},node,15,128,2.74
${algorithm},node,15,256,3.25
${algorithm},node,15,512,3.48
${algorithm},node,15,1024,4.04
${algorithm},node,15,2048,5.44
${algorithm},node,15,4096,7.66
${algorithm},node,15,8192,11.14
${algorithm},node,15,16384,15.94
${algorithm},node,15,32768,25.76
${algorithm},node,15,65536,37.38
${algorithm},node,15,131072,63.97
${algorithm},node,15,262144,210.29
${algorithm},node,15,524288,384.80
${algorithm},node,15,1048576,695.83
${algorithm},node,16,1,2.53
${algorithm},node,16,2,2.53
${algorithm},node,16,4,2.50
${algorithm},node,16,8,2.49
${algorithm},node,16,16,2.50
${algorithm},node,16,32,2.54
${algorithm},node,16,64,3.43
${algorithm},node,16,128,3.07
${algorithm},node,16,256,3.77
${algorithm},node,16,512,4.04
${algorithm},node,16,1024,4.57
${algorithm},node,16,2048,6.22
${algorithm},node,16,4096,8.91
${algorithm},node,16,8192,12.51
${algorithm},node,16,16384,18.06
${algorithm},node,16,32768,31.19
${algorithm},node,16,65536,42.97
${algorithm},node,16,131072,73.53
${algorithm},node,16,262144,240.25
${algorithm},node,16,524288,492.15
${algorithm},node,16,1048576,988.14
${algorithm},node,17,1,2.89
${algorithm},node,17,2,2.89
${algorithm},node,17,4,2.88
${algorithm},node,17,8,2.88
${algorithm},node,17,16,2.88
${algorithm},node,17,32,2.93
${algorithm},node,17,64,3.76
${algorithm},node,17,128,3.51
${algorithm},node,17,256,4.35
${algorithm},node,17,512,4.64
${algorithm},node,17,1024,5.17
${algorithm},node,17,2048,6.90
${algorithm},node,17,4096,9.86
${algorithm},node,17,8192,13.77
${algorithm},node,17,16384,20.21
${algorithm},node,17,32768,32.22
${algorithm},node,17,65536,45.47
${algorithm},node,17,131072,100.01
${algorithm},node,17,262144,259.67
${algorithm},node,17,524288,533.16
${algorithm},node,17,1048576,1062.31
${algorithm},node,18,1,3.35
${algorithm},node,18,2,3.39
${algorithm},node,18,4,3.39
${algorithm},node,18,8,3.38
${algorithm},node,18,16,3.38
${algorithm},node,18,32,3.54
${algorithm},node,18,64,4.25
${algorithm},node,18,128,4.57
${algorithm},node,18,256,5.18
${algorithm},node,18,512,5.60
${algorithm},node,18,1024,6.46
${algorithm},node,18,2048,8.51
${algorithm},node,18,4096,11.40
${algorithm},node,18,8192,16.25
${algorithm},node,18,16384,21.51
${algorithm},node,18,32768,28.57
${algorithm},node,18,65536,49.10
${algorithm},node,18,131072,95.84
${algorithm},node,18,262144,199.79
${algorithm},node,18,524288,369.67
${algorithm},node,18,1048576,707.81
${algorithm},node,19,1,3.39
${algorithm},node,19,2,3.40
${algorithm},node,19,4,3.39
${algorithm},node,19,8,3.37
${algorithm},node,19,16,3.34
${algorithm},node,19,32,3.44
${algorithm},node,19,64,4.54
${algorithm},node,19,128,4.33
${algorithm},node,19,256,4.95
${algorithm},node,19,512,5.34
${algorithm},node,19,1024,5.99
${algorithm},node,19,2048,8.43
${algorithm},node,19,4096,11.45
${algorithm},node,19,8192,16.55
${algorithm},node,19,16384,22.68
${algorithm},node,19,32768,28.88
${algorithm},node,19,65536,46.08
${algorithm},node,19,131072,110.07
${algorithm},node,19,262144,254.82
${algorithm},node,19,524288,480.49
${algorithm},node,19,1048576,929.79
${algorithm},node,20,1,3.90
${algorithm},node,20,2,3.88
${algorithm},node,20,4,3.89
${algorithm},node,20,8,3.87
${algorithm},node,20,16,3.88
${algorithm},node,20,32,3.99
${algorithm},node,20,64,5.03
${algorithm},node,20,128,4.95
${algorithm},node,20,256,5.76
${algorithm},node,20,512,6.11
${algorithm},node,20,1024,6.89
${algorithm},node,20,2048,9.18
${algorithm},node,20,4096,12.51
${algorithm},node,20,8192,21.27
${algorithm},node,20,16384,23.09
${algorithm},node,20,32768,30.54
${algorithm},node,20,65536,46.15
${algorithm},node,20,131072,87.75
${algorithm},node,20,262144,172.68
${algorithm},node,20,524288,336.71
${algorithm},node,20,1048576,631.21
${algorithm},node,21,1,3.97
${algorithm},node,21,2,3.82
${algorithm},node,21,4,3.83
${algorithm},node,21,8,3.82
${algorithm},node,21,16,3.85
${algorithm},node,21,32,3.93
${algorithm},node,21,64,5.18
${algorithm},node,21,128,4.94
${algorithm},node,21,256,5.88
${algorithm},node,21,512,6.24
${algorithm},node,21,1024,7.00
${algorithm},node,21,2048,9.43
${algorithm},node,21,4096,12.93
${algorithm},node,21,8192,21.72
${algorithm},node,21,16384,22.82
${algorithm},node,21,32768,31.21
${algorithm},node,21,65536,48.04
${algorithm},node,21,131072,90.64
${algorithm},node,21,262144,180.61
${algorithm},node,21,524288,339.97
${algorithm},node,21,1048576,676.35
${algorithm},node,22,1,3.44
${algorithm},node,22,2,3.43
${algorithm},node,22,4,3.40
${algorithm},node,22,8,3.40
${algorithm},node,22,16,3.38
${algorithm},node,22,32,3.51
${algorithm},node,22,64,4.44
${algorithm},node,22,128,4.19
${algorithm},node,22,256,5.12
${algorithm},node,22,512,5.46
${algorithm},node,22,1024,6.13
${algorithm},node,22,2048,8.44
${algorithm},node,22,4096,11.77
${algorithm},node,22,8192,19.54
${algorithm},node,22,16384,23.36
${algorithm},node,22,32768,32.92
${algorithm},node,22,65536,51.32
${algorithm},node,22,131072,123.93
${algorithm},node,22,262144,287.67
${algorithm},node,22,524288,528.43
${algorithm},node,22,1048576,1012.17
${algorithm},node,23,1,3.46
${algorithm},node,23,2,3.47
${algorithm},node,23,4,3.46
${algorithm},node,23,8,3.43
${algorithm},node,23,16,3.44
${algorithm},node,23,32,3.60
${algorithm},node,23,64,4.50
${algorithm},node,23,128,4.34
${algorithm},node,23,256,5.28
${algorithm},node,23,512,5.67
${algorithm},node,23,1024,6.33
${algorithm},node,23,2048,8.82
${algorithm},node,23,4096,12.53
${algorithm},node,23,8192,19.32
${algorithm},node,23,16384,24.25
${algorithm},node,23,32768,34.44
${algorithm},node,23,65536,53.66
${algorithm},node,23,131072,122.65
${algorithm},node,23,262144,278.44
${algorithm},node,23,524288,560.71
${algorithm},node,23,1048576,1065.90
${algorithm},node,24,1,3.87
${algorithm},node,24,2,3.87
${algorithm},node,24,4,3.85
${algorithm},node,24,8,3.84
${algorithm},node,24,16,3.84
${algorithm},node,24,32,3.92
${algorithm},node,24,64,4.80
${algorithm},node,24,128,4.63
${algorithm},node,24,256,5.58
${algorithm},node,24,512,5.98
${algorithm},node,24,1024,6.69
${algorithm},node,24,2048,9.39
${algorithm},node,24,4096,16.31
${algorithm},node,24,8192,19.88
${algorithm},node,24,16384,26.90
${algorithm},node,24,32768,37.84
${algorithm},node,24,65536,58.83
${algorithm},node,24,131072,144.91
${algorithm},node,24,262144,343.03
${algorithm},node,24,524288,693.01
${algorithm},node,24,1048576,1370.79
${algorithm},node,25,1,3.91
${algorithm},node,25,2,3.94
${algorithm},node,25,4,3.90
${algorithm},node,25,8,3.87
${algorithm},node,25,16,3.88
${algorithm},node,25,32,3.96
${algorithm},node,25,64,4.94
${algorithm},node,25,128,4.72
${algorithm},node,25,256,5.79
${algorithm},node,25,512,6.14
${algorithm},node,25,1024,6.87
${algorithm},node,25,2048,9.65
${algorithm},node,25,4096,14.98
${algorithm},node,25,8192,19.79
${algorithm},node,25,16384,27.66
${algorithm},node,25,32768,38.84
${algorithm},node,25,65536,60.65
${algorithm},node,25,131072,148.14
${algorithm},node,25,262144,359.78
${algorithm},node,25,524288,725.30
${algorithm},node,25,1048576,1432.65
${algorithm},node,26,1,4.39
${algorithm},node,26,2,4.37
${algorithm},node,26,4,4.36
${algorithm},node,26,8,4.34
${algorithm},node,26,16,4.36
${algorithm},node,26,32,4.52
${algorithm},node,26,64,5.45
${algorithm},node,26,128,5.57
${algorithm},node,26,256,6.42
${algorithm},node,26,512,6.88
${algorithm},node,26,1024,7.73
${algorithm},node,26,2048,13.40
${algorithm},node,26,4096,14.54
${algorithm},node,26,8192,20.64
${algorithm},node,26,16384,27.80
${algorithm},node,26,32768,41.38
${algorithm},node,26,65536,71.58
${algorithm},node,26,131072,133.54
${algorithm},node,26,262144,286.30
${algorithm},node,26,524288,574.80
${algorithm},node,26,1048576,1012.85
${algorithm},node,27,1,4.54
${algorithm},node,27,2,4.53
${algorithm},node,27,4,4.51
${algorithm},node,27,8,4.51
${algorithm},node,27,16,4.52
${algorithm},node,27,32,4.65
${algorithm},node,27,64,5.98
${algorithm},node,27,128,5.61
${algorithm},node,27,256,6.67
${algorithm},node,27,512,7.12
${algorithm},node,27,1024,7.89
${algorithm},node,27,2048,15.77
${algorithm},node,27,4096,16.51
${algorithm},node,27,8192,21.19
${algorithm},node,27,16384,28.93
${algorithm},node,27,32768,39.21
${algorithm},node,27,65536,61.91
${algorithm},node,27,131072,144.59
${algorithm},node,27,262144,330.65
${algorithm},node,27,524288,636.30
${algorithm},node,27,1048576,1212.01
${algorithm},node,28,1,4.66
${algorithm},node,28,2,4.66
${algorithm},node,28,4,4.63
${algorithm},node,28,8,4.61
${algorithm},node,28,16,4.62
${algorithm},node,28,32,4.81
${algorithm},node,28,64,5.93
${algorithm},node,28,128,5.86
${algorithm},node,28,256,6.82
${algorithm},node,28,512,7.30
${algorithm},node,28,1024,8.37
${algorithm},node,28,2048,12.66
${algorithm},node,28,4096,15.47
${algorithm},node,28,8192,21.74
${algorithm},node,28,16384,28.62
${algorithm},node,28,32768,40.26
${algorithm},node,28,65536,62.19
${algorithm},node,28,131072,113.57
${algorithm},node,28,262144,224.80
${algorithm},node,28,524288,452.53
${algorithm},node,28,1048576,834.26
${algorithm},node,29,1,4.39
${algorithm},node,29,2,4.38
${algorithm},node,29,4,4.36
${algorithm},node,29,8,4.32
${algorithm},node,29,16,4.34
${algorithm},node,29,32,4.53
${algorithm},node,29,64,5.93
${algorithm},node,29,128,5.42
${algorithm},node,29,256,6.65
${algorithm},node,29,512,7.17
${algorithm},node,29,1024,8.05
${algorithm},node,29,2048,11.87
${algorithm},node,29,4096,15.57
${algorithm},node,29,8192,21.95
${algorithm},node,29,16384,29.26
${algorithm},node,29,32768,40.51
${algorithm},node,29,65536,62.17
${algorithm},node,29,131072,116.80
${algorithm},node,29,262144,233.08
${algorithm},node,29,524288,452.32
${algorithm},node,29,1048576,853.57
${algorithm},node,30,1,4.51
${algorithm},node,30,2,4.48
${algorithm},node,30,4,4.45
${algorithm},node,30,8,4.45
${algorithm},node,30,16,4.41
${algorithm},node,30,32,4.56
${algorithm},node,30,64,5.76
${algorithm},node,30,128,5.50
${algorithm},node,30,256,6.67
${algorithm},node,30,512,7.18
${algorithm},node,30,1024,11.53
${algorithm},node,30,2048,11.78
${algorithm},node,30,4096,15.86
${algorithm},node,30,8192,22.25
${algorithm},node,30,16384,31.05
${algorithm},node,30,32768,43.09
${algorithm},node,30,65536,67.11
${algorithm},node,30,131072,157.26
${algorithm},node,30,262144,361.22
${algorithm},node,30,524288,682.74
${algorithm},node,30,1048576,1318.60
${algorithm},node,31,1,4.38
${algorithm},node,31,2,4.35
${algorithm},node,31,4,4.35
${algorithm},node,31,8,4.31
${algorithm},node,31,16,4.33
${algorithm},node,31,32,4.45
${algorithm},node,31,64,5.54
${algorithm},node,31,128,5.42
${algorithm},node,31,256,6.54
${algorithm},node,31,512,7.03
${algorithm},node,31,1024,12.05
${algorithm},node,31,2048,11.70
${algorithm},node,31,4096,15.84
${algorithm},node,31,8192,22.61
${algorithm},node,31,16384,31.38
${algorithm},node,31,32768,43.90
${algorithm},node,31,65536,69.14
${algorithm},node,31,131072,164.89
${algorithm},node,31,262144,364.12
${algorithm},node,31,524288,708.94
${algorithm},node,31,1048576,1353.63
${algorithm},node,32,1,4.84
${algorithm},node,32,2,4.85
${algorithm},node,32,4,4.84
${algorithm},node,32,8,4.84
${algorithm},node,32,16,4.83
${algorithm},node,32,32,4.96
${algorithm},node,32,64,6.77
${algorithm},node,32,128,6.69
${algorithm},node,32,256,8.05
${algorithm},node,32,512,8.80
${algorithm},node,32,1024,14.91
${algorithm},node,32,2048,13.21
${algorithm},node,32,4096,18.21
${algorithm},node,32,8192,25.31
${algorithm},node,32,16384,33.85
${algorithm},node,32,32768,46.97
${algorithm},node,32,65536,74.49
${algorithm},node,32,131072,173.93
${algorithm},node,32,262144,438.01
${algorithm},node,32,524288,873.34
${algorithm},node,32,1048576,1725.37
${algorithm},node,33,1,5.19
${algorithm},node,33,2,5.21
${algorithm},node,33,4,5.22
${algorithm},node,33,8,5.22
${algorithm},node,33,16,5.24
${algorithm},node,33,32,5.32
${algorithm},node,33,64,7.11
${algorithm},node,33,128,7.21
${algorithm},node,33,256,8.71
${algorithm},node,33,512,11.04
${algorithm},node,33,1024,12.25
${algorithm},node,33,2048,13.67
${algorithm},node,33,4096,19.36
${algorithm},node,33,8192,27.08
${algorithm},node,33,16384,35.82
${algorithm},node,33,32768,49.06
${algorithm},node,33,65536,76.86
${algorithm},node,33,131072,177.67
${algorithm},node,33,262144,448.61
${algorithm},node,33,524288,899.72
${algorithm},node,33,1048576,1775.38
${algorithm},node,34,1,5.59
${algorithm},node,34,2,5.64
${algorithm},node,34,4,5.63
${algorithm},node,34,8,5.60
${algorithm},node,34,16,5.63
${algorithm},node,34,32,5.84
${algorithm},node,34,64,7.47
${algorithm},node,34,128,8.11
${algorithm},node,34,256,12.90
${algorithm},node,34,512,12.95
${algorithm},node,34,1024,11.29
${algorithm},node,34,2048,15.01
${algorithm},node,34,4096,20.36
${algorithm},node,34,8192,28.74
${algorithm},node,34,16384,34.75
${algorithm},node,34,32768,50.20
${algorithm},node,34,65536,84.61
${algorithm},node,34,131072,166.45
${algorithm},node,34,262144,360.88
${algorithm},node,34,524288,661.19
${algorithm},node,34,1048576,1242.17
${algorithm},node,35,1,5.54
${algorithm},node,35,2,5.66
${algorithm},node,35,4,5.56
${algorithm},node,35,8,5.56
${algorithm},node,35,16,5.56
${algorithm},node,35,32,5.70
${algorithm},node,35,64,7.61
${algorithm},node,35,128,7.84
${algorithm},node,35,256,15.07
${algorithm},node,35,512,10.15
${algorithm},node,35,1024,11.01
${algorithm},node,35,2048,15.26
${algorithm},node,35,4096,20.98
${algorithm},node,35,8192,29.01
${algorithm},node,35,16384,35.88
${algorithm},node,35,32768,50.19
${algorithm},node,35,65536,78.35
${algorithm},node,35,131072,184.76
${algorithm},node,35,262144,385.75
${algorithm},node,35,524288,778.36
${algorithm},node,35,1048576,1528.98
${algorithm},node,36,1,6.21
${algorithm},node,36,2,6.22
${algorithm},node,36,4,6.22
${algorithm},node,36,8,6.20
${algorithm},node,36,16,6.31
${algorithm},node,36,32,6.39
${algorithm},node,36,64,8.21
${algorithm},node,36,128,8.52
${algorithm},node,36,256,11.77
${algorithm},node,36,512,10.77
${algorithm},node,36,1024,11.89
${algorithm},node,36,2048,15.86
${algorithm},node,36,4096,21.61
${algorithm},node,36,8192,29.99
${algorithm},node,36,16384,36.73
${algorithm},node,36,32768,50.58
${algorithm},node,36,65536,77.41
${algorithm},node,36,131072,159.79
${algorithm},node,36,262144,275.85
${algorithm},node,36,524288,521.79
${algorithm},node,36,1048576,1030.92
${algorithm},node,37,1,6.15
${algorithm},node,37,2,6.29
${algorithm},node,37,4,6.14
${algorithm},node,37,8,6.10
${algorithm},node,37,16,6.15
${algorithm},node,37,32,6.30
${algorithm},node,37,64,8.28
${algorithm},node,37,128,9.41
${algorithm},node,37,256,13.84
${algorithm},node,37,512,13.70
${algorithm},node,37,1024,12.04
${algorithm},node,37,2048,16.36
${algorithm},node,37,4096,22.21
${algorithm},node,37,8192,30.94
${algorithm},node,37,16384,37.33
${algorithm},node,37,32768,51.31
${algorithm},node,37,65536,79.39
${algorithm},node,37,131072,157.67
${algorithm},node,37,262144,281.75
${algorithm},node,37,524288,535.06
${algorithm},node,37,1048576,1052.62
${algorithm},node,38,1,5.94
${algorithm},node,38,2,5.96
${algorithm},node,38,4,5.97
${algorithm},node,38,8,5.92
${algorithm},node,38,16,6.08
${algorithm},node,38,32,6.07
${algorithm},node,38,64,7.84
${algorithm},node,38,128,7.94
${algorithm},node,38,256,12.36
${algorithm},node,38,512,11.09
${algorithm},node,38,1024,11.25
${algorithm},node,38,2048,15.44
${algorithm},node,38,4096,21.78
${algorithm},node,38,8192,30.19
${algorithm},node,38,16384,39.34
${algorithm},node,38,32768,54.48
${algorithm},node,38,65536,83.49
${algorithm},node,38,131072,200.04
${algorithm},node,38,262144,417.59
${algorithm},node,38,524288,819.61
${algorithm},node,38,1048576,1609.08
${algorithm},node,39,1,5.83
${algorithm},node,39,2,5.85
${algorithm},node,39,4,5.85
${algorithm},node,39,8,5.80
${algorithm},node,39,16,5.82
${algorithm},node,39,32,5.99
${algorithm},node,39,64,7.80
${algorithm},node,39,128,8.04
${algorithm},node,39,256,18.73
${algorithm},node,39,512,11.41
${algorithm},node,39,1024,11.36
${algorithm},node,39,2048,15.95
${algorithm},node,39,4096,22.03
${algorithm},node,39,8192,31.27
${algorithm},node,39,16384,40.38
${algorithm},node,39,32768,55.78
${algorithm},node,39,65536,86.82
${algorithm},node,39,131072,206.04
${algorithm},node,39,262144,422.43
${algorithm},node,39,524288,841.25
${algorithm},node,39,1048576,1662.24
${algorithm},node,40,1,6.40
${algorithm},node,40,2,6.42
${algorithm},node,40,4,6.41
${algorithm},node,40,8,6.34
${algorithm},node,40,16,6.37
${algorithm},node,40,32,6.51
${algorithm},node,40,64,8.47
${algorithm},node,40,128,11.57
${algorithm},node,40,256,12.03
${algorithm},node,40,512,10.93
${algorithm},node,40,1024,12.05
${algorithm},node,40,2048,16.95
${algorithm},node,40,4096,23.87
${algorithm},node,40,8192,33.28
${algorithm},node,40,16384,43.42
${algorithm},node,40,32768,59.76
${algorithm},node,40,65536,92.66
${algorithm},node,40,131072,213.33
${algorithm},node,40,262144,526.93
${algorithm},node,40,524288,1048.77
${algorithm},node,40,1048576,2065.41
${algorithm},node,41,1,6.33
${algorithm},node,41,2,6.34
${algorithm},node,41,4,6.36
${algorithm},node,41,8,6.28
${algorithm},node,41,16,6.31
${algorithm},node,41,32,6.47
${algorithm},node,41,64,8.57
${algorithm},node,41,128,9.76
${algorithm},node,41,256,10.41
${algorithm},node,41,512,11.19
${algorithm},node,41,1024,12.33
${algorithm},node,41,2048,17.17
${algorithm},node,41,4096,24.18
${algorithm},node,41,8192,33.70
${algorithm},node,41,16384,44.02
${algorithm},node,41,32768,63.54
${algorithm},node,41,65536,93.67
${algorithm},node,41,131072,217.29
${algorithm},node,41,262144,541.25
${algorithm},node,41,524288,1073.00
${algorithm},node,41,1048576,2106.01
${algorithm},node,42,1,6.78
${algorithm},node,42,2,6.72
${algorithm},node,42,4,6.78
${algorithm},node,42,8,6.70
${algorithm},node,42,16,6.74
${algorithm},node,42,32,7.86
${algorithm},node,42,64,12.05
${algorithm},node,42,128,9.71
${algorithm},node,42,256,10.72
${algorithm},node,42,512,11.33
${algorithm},node,42,1024,12.60
${algorithm},node,42,2048,17.54
${algorithm},node,42,4096,24.16
${algorithm},node,42,8192,33.73
${algorithm},node,42,16384,44.72
${algorithm},node,42,32768,64.41
${algorithm},node,42,65536,106.03
${algorithm},node,42,131072,212.99
${algorithm},node,42,262144,451.73
${algorithm},node,42,524288,863.50
${algorithm},node,42,1048576,1547.69
${algorithm},node,43,1,6.89
${algorithm},node,43,2,6.83
${algorithm},node,43,4,6.83
${algorithm},node,43,8,6.86
${algorithm},node,43,16,7.68
${algorithm},node,43,32,10.75
${algorithm},node,43,64,9.87
${algorithm},node,43,128,9.88
${algorithm},node,43,256,11.33
${algorithm},node,43,512,11.92
${algorithm},node,43,1024,13.12
${algorithm},node,43,2048,18.20
${algorithm},node,43,4096,25.07
${algorithm},node,43,8192,34.31
${algorithm},node,43,16384,43.71
${algorithm},node,43,32768,60.54
${algorithm},node,43,65536,94.44
${algorithm},node,43,131072,235.01
${algorithm},node,43,262144,470.47
${algorithm},node,43,524288,914.05
${algorithm},node,43,1048576,1773.51
${algorithm},node,44,1,6.89
${algorithm},node,44,2,6.87
${algorithm},node,44,4,6.87
${algorithm},node,44,8,6.85
${algorithm},node,44,16,6.91
${algorithm},node,44,32,8.13
${algorithm},node,44,64,12.24
${algorithm},node,44,128,9.65
${algorithm},node,44,256,11.33
${algorithm},node,44,512,11.95
${algorithm},node,44,1024,13.27
${algorithm},node,44,2048,18.20
${algorithm},node,44,4096,25.02
${algorithm},node,44,8192,35.20
${algorithm},node,44,16384,43.73
${algorithm},node,44,32768,60.81
${algorithm},node,44,65536,93.82
${algorithm},node,44,131072,183.44
${algorithm},node,44,262144,325.24
${algorithm},node,44,524288,622.25
${algorithm},node,44,1048576,1209.81
${algorithm},node,45,1,6.77
${algorithm},node,45,2,6.89
${algorithm},node,45,4,6.95
${algorithm},node,45,8,6.76
${algorithm},node,45,16,8.25
${algorithm},node,45,32,11.83
${algorithm},node,45,64,9.95
${algorithm},node,45,128,9.78
${algorithm},node,45,256,11.43
${algorithm},node,45,512,12.09
${algorithm},node,45,1024,13.46
${algorithm},node,45,2048,18.51
${algorithm},node,45,4096,25.42
${algorithm},node,45,8192,35.20
${algorithm},node,45,16384,44.87
${algorithm},node,45,32768,62.19
${algorithm},node,45,65536,95.32
${algorithm},node,45,131072,188.44
${algorithm},node,45,262144,332.90
${algorithm},node,45,524288,636.89
${algorithm},node,45,1048576,1236.27
${algorithm},node,46,1,7.19
${algorithm},node,46,2,7.13
${algorithm},node,46,4,7.75
${algorithm},node,46,8,9.67
${algorithm},node,46,16,8.05
${algorithm},node,46,32,8.74
${algorithm},node,46,64,9.45
${algorithm},node,46,128,9.45
${algorithm},node,46,256,11.30
${algorithm},node,46,512,12.00
${algorithm},node,46,1024,13.35
${algorithm},node,46,2048,18.69
${algorithm},node,46,4096,26.16
${algorithm},node,46,8192,36.29
${algorithm},node,46,16384,47.16
${algorithm},node,46,32768,65.67
${algorithm},node,46,65536,101.01
${algorithm},node,46,131072,234.14
${algorithm},node,46,262144,489.99
${algorithm},node,46,524288,975.98
${algorithm},node,46,1048576,1917.64
${algorithm},node,47,1,7.07
${algorithm},node,47,2,7.66
${algorithm},node,47,4,10.17
${algorithm},node,47,8,9.60
${algorithm},node,47,16,8.43
${algorithm},node,47,32,7.18
${algorithm},node,47,64,9.32
${algorithm},node,47,128,9.56
${algorithm},node,47,256,11.46
${algorithm},node,47,512,12.13
${algorithm},node,47,1024,13.54
${algorithm},node,47,2048,18.74
${algorithm},node,47,4096,26.12
${algorithm},node,47,8192,36.62
${algorithm},node,47,16384,48.77
${algorithm},node,47,32768,67.44
${algorithm},node,47,65536,105.61
${algorithm},node,47,131072,240.75
${algorithm},node,47,262144,497.14
${algorithm},node,47,524288,989.01
${algorithm},node,47,1048576,1945.86
${algorithm},node,48,1,7.36
${algorithm},node,48,2,7.35
${algorithm},node,48,4,9.18
${algorithm},node,48,8,9.68
${algorithm},node,48,16,7.83
${algorithm},node,48,32,8.48
${algorithm},node,48,64,9.66
${algorithm},node,48,128,9.89
${algorithm},node,48,256,11.94
${algorithm},node,48,512,12.77
${algorithm},node,48,1024,14.02
${algorithm},node,48,2048,19.56
${algorithm},node,48,4096,27.62
${algorithm},node,48,8192,38.63
${algorithm},node,48,16384,50.50
${algorithm},node,48,32768,70.13
${algorithm},node,48,65536,108.45
${algorithm},node,48,131072,249.75
${algorithm},node,48,262144,611.91
${algorithm},node,48,524288,1226.16
${algorithm},node,48,1048576,2410.62
